customer_code,customer_name,customer_type,phone,address,area,ward,company,tax_code,dob,last_transaction_date,current_debt,total_sales,status
CUST-0001,An Vũ,Doanh nghiệp,(03) 2181 9600,389 John Số,Hải Phòng,Phường 2,Dương Hoàng Doanh nghiệp tư nhân,0314147112,2007-04-27,2025-08-03 04:24:48,0.0,1005000.0,1
CUST-0002,Vi Lê,Cá nhân,+84-65-423 5116,59 Nguyễn Dãy,Cần Thơ,Phường 25,,,2002-09-04,2025-10-01 19:56:28,0.0,340000.0,1
CUST-0003,Hà Thế Hoàng,Doanh nghiệp,(05)931-0341,647 Lê Tổ,Bình Dương,Phường 15,Phạm và Vũ Công ty Trách nhiệm hữu hạn,0311865901,2009-06-25,2026-07-21 22:51:15,0.0,8682000.0,1
CUST-0004,Khoa Lê,Cá nhân,+84-32-764835,056 Trần Làng,Đà Nẵng,Phường 18,,,2009-01-30,,0.0,0.0,1
CUST-0005,Trung Mai Bảo Bùi,Cá nhân,+84-72-423 8849,6 Phạm Hẻm,Đà Nẵng,Phường 15,,,2002-03-22,2026-07-13 20:46:47,0.0,12163000.0,1
CUST-0006,An Trần,Doanh nghiệp,(02) 6916 6978,0 Jane Tổ,Hà Nội,Phường 1,Vũ Công ty TNHH MTV,0315014745,1996-04-01,2025-10-18 00:40:27,0.0,996000.0,1
CUST-0007,Yến Vũ,Cá nhân,+84-28-148932,880 Dương Đường,Đà Nẵng,Phường 18,,,1995-06-18,2026-06-12 09:49:15,0.0,8060000.0,1
CUST-0008,Khoa Hải Nguyễn,Cá nhân,(09) 1171 8227,89 Phạm Làng,Cần Thơ,Phường 14,,,2005-09-05,2026-07-17 23:18:28,0.0,5317000.0,1
CUST-0009,Hải Phú Dương,Cá nhân,+84-71-331509,3 John Đường,TP. Hồ Chí Minh,Phường 4,,,1997-06-14,2026-07-20 19:46:57,0.0,8123000.0,1
CUST-0010,Ánh Đặng,Doanh nghiệp,+84 83 4738299,763 John Số,Hà Nội,Phường 21,Bùi và Bùi Công ty TNHH MTV,0313583206,2008-03-30,2025-10-11 09:36:10,0.0,2873000.0,1
CUST-0011,Dương Trần,Doanh nghiệp,+84 65 1333872,473 Jane Ngõ,Bình Dương,Phường 10,Mai Tập Đoàn,0319537455,1993-10-23,2026-07-01 09:52:19,0.0,4876000.0,1
CUST-0012,Lâm Lê,Cá nhân,07 7360260,74 Mai Dãy,Hải Phòng,Phường 16,,,1996-03-11,2026-06-17 05:03:52,0.0,4887000.0,1
CUST-0013,Trung Nguyễn,Doanh nghiệp,+84-80-500978,812 John Làng,TP. Hồ Chí Minh,Phường 15,Trần và đối tác Công ty Hợp danh,0313426689,1997-09-29,2026-03-31 13:07:35,0.0,2700000.0,1
CUST-0014,Duyên Trần,Doanh nghiệp,09 9854353,24 Đặng Ngõ,TP. Hồ Chí Minh,Phường 20,Dương Công ty Hợp danh,0319526867,2010-07-14,2026-07-03 19:07:11,0.0,2494000.0,1
CUST-0015,Hà Mai,Cá nhân,(08) 4251 3542,4 Jane Ngõ,Đồng Nai,Phường 3,,,2009-07-09,2026-07-10 09:08:05,0.0,3579000.0,1
CUST-0016,Bà Hà Trần,Cá nhân,+84-82-449 3534,01 Vũ Đường,Đồng Nai,Phường 14,,,1993-08-15,2026-07-23 23:50:59,0.0,2461000.0,1
CUST-0017,Bà Bảo Dương,Cá nhân,+84-68-011280,8 Jane Hẻm,Đồng Nai,Phường 17,,,1994-04-09,2026-05-02 22:04:18,0.0,3712000.0,1
CUST-0018,Hưng Phú Phạm,Cá nhân,+84-31-586 9232,02 Bùi Làng,Đồng Nai,Phường 1,,,1998-02-04,2026-07-11 17:30:27,0.0,6672000.0,1
CUST-0019,Kim Nguyễn,Cá nhân,(07)337-5433,3 Đặng Khu,Bình Dương,Phường 10,,,2008-04-02,2026-07-18 06:33:39,0.0,3154000.0,1
CUST-0020,Quang Mai,Doanh nghiệp,08 5014294,965 Bùi Ngõ,Đồng Nai,Phường 5,Hoàng và đối tác Công ty Cổ phần,0318491822,1997-11-21,2026-02-02 04:17:40,0.0,1717000.0,1
CUST-0021,An Hoàng Đặng,Doanh nghiệp,01 5951484,64 John Số,Đà Nẵng,Phường 11,Lê và đối tác Công ty Hợp danh,0317328534,2003-03-27,2026-03-15 07:41:16,0.0,3962000.0,1
CUST-0022,Phương Văn Vũ,Doanh nghiệp,03 6995 7773,2 Jane Tổ,Đà Nẵng,Phường 7,Phạm Công ty Trách nhiệm hữu hạn,0315006492,1998-11-02,2026-06-02 08:35:22,0.0,2687000.0,1
CUST-0023,Chị Ngọc Nguyễn,Doanh nghiệp,(07) 9176 9367,201 Phạm Hẻm,TP. Hồ Chí Minh,Phường 25,Nguyễn và đối tác Công ty Hợp danh,0317891662,1997-10-18,2026-05-27 18:16:39,0.0,3798000.0,1
CUST-0024,Nhật Lê,Cá nhân,(07)889-5798,7 Jane Dãy,Đà Nẵng,Phường 24,,,1997-12-19,2026-04-23 05:24:01,0.0,420000.0,1
CUST-0025,Bà Vi Mai,Doanh nghiệp,03 4714345,1 John Làng,Bình Dương,Phường 13,Lê và đối tác Công ty Trách nhiệm hữu hạn,0317477326,1997-03-13,2025-12-13 05:53:25,0.0,2991000.0,1
CUST-0026,Kim Tấn Mai,Cá nhân,06 0366909,05 Bùi Số,Hải Phòng,Phường 2,,,2002-09-16,2026-07-18 18:22:20,0.0,6892000.0,1
CUST-0027,Quý cô Mai Vũ,Cá nhân,07 0656272,99 John Số,Cần Thơ,Phường 19,,,1995-11-13,2026-07-02 21:58:23,0.0,8409000.0,1
CUST-0028,Anh Hưng Vũ,Cá nhân,05 3755646,708 Jane Làng,Đồng Nai,Phường 4,,,2004-08-11,2026-03-31 17:45:03,0.0,4669000.0,1
CUST-0029,Vi Nguyễn,Doanh nghiệp,(03) 0923 2719,45 John Hẻm,Hà Nội,Phường 17,Trần và Hoàng Công ty TNHH,0318665981,2009-05-08,2026-05-22 02:26:57,0.0,4437000.0,1
CUST-0030,Kim Hoàng Trần,Cá nhân,+84-31-491905,5 Jane Đường,Bình Dương,Phường 5,,,2008-01-02,2025-12-23 07:20:30,0.0,1001000.0,1
CUST-0031,Ông Huy Đặng,Doanh nghiệp,+84-72-628 4987,94 Phạm Ngõ,Đồng Nai,Phường 21,Dương và Phạm Tập Đoàn,0313589751,2001-06-17,2026-07-22 12:15:33,0.0,7172000.0,1
CUST-0032,Thành Văn Dương,Cá nhân,(05)273-5454,0 John Làng,Hải Phòng,Phường 9,,,2005-10-19,2026-07-09 19:28:28,0.0,1450000.0,1
CUST-0033,Anh Châu Dương,Cá nhân,00 1436349,88 Bùi Tổ,Cần Thơ,Phường 23,,,1999-07-17,2026-03-16 18:26:16,0.0,2317000.0,1
CUST-0034,Bác Khoa Vũ,Doanh nghiệp,(01) 3518 2337,9 Trần Làng,Bình Dương,Phường 3,Phạm và Đặng Công ty Cổ phần,0316512415,1998-09-12,2025-12-05 03:56:11,0.0,9638000.0,1
CUST-0035,Bà An Nguyễn,Doanh nghiệp,+84-42-710947,52 Jane Dãy,Đà Nẵng,Phường 21,Trần Công ty TNHH MTV,0319186400,2001-12-02,2026-06-05 05:08:47,0.0,10191000.0,1
CUST-0036,Lan Lê,Cá nhân,(09)413-1869,6 Dương Khu,Cần Thơ,Phường 3,,,2008-03-07,2026-03-15 12:43:06,0.0,5839000.0,1
CUST-0037,Hạnh Thị Hoàng,Cá nhân,+84-13-341 2328,067 Vũ Đường,Bình Dương,Phường 22,,,1997-06-30,2026-07-06 20:15:10,0.0,10336000.0,1
CUST-0038,Bảo Trần,Cá nhân,+84-34-936 1832,102 Hoàng Khu,TP. Hồ Chí Minh,Phường 24,,,2001-01-09,2026-07-20 06:52:20,0.0,9425000.0,1
CUST-0039,Bác Thành Vũ,Cá nhân,+84-87-719065,139 Jane Đường,Hải Phòng,Phường 4,,,2006-07-14,2026-07-06 13:04:19,0.0,4460000.0,1
CUST-0040,Quý cô Phương Dương,Cá nhân,02 9671 7565,1 Jane Số,Hải Phòng,Phường 6,,,2005-05-09,2026-05-21 17:29:45,0.0,4684000.0,1
CUST-0041,Thành Mai,Cá nhân,+84 71 5451680,03 Hoàng Dãy,Hà Nội,Phường 2,,,2004-03-11,2026-05-23 17:20:51,0.0,976000.0,1
CUST-0042,Mai Vũ,Cá nhân,+84-24-771093,80 Trần Làng,Đồng Nai,Phường 2,,,2010-06-05,,0.0,0.0,1
CUST-0043,Nhật Trần,Cá nhân,+84-27-484 6773,2 Phạm Hẻm,Đà Nẵng,Phường 12,,,2008-03-31,2026-06-30 08:47:32,0.0,3210000.0,1
CUST-0044,Huy Đặng,Doanh nghiệp,(08)404-4997,87 Đặng Số,TP. Hồ Chí Minh,Phường 8,Đặng và đối tác Tập Đoàn,0319911492,1996-10-07,2025-11-06 19:03:08,0.0,697000.0,1
CUST-0045,Quý cô Mai Bùi,Doanh nghiệp,+84 57 6627028,718 Nguyễn Hẻm,Cần Thơ,Phường 22,Lê và đối tác Công ty TNHH,0314020853,2001-07-17,2026-06-25 21:55:55,0.0,4711000.0,1
CUST-0046,Dũng Hoàng,Cá nhân,+84-61-586 5780,431 Trần Ngõ,TP. Hồ Chí Minh,Phường 3,,,2001-02-06,2026-06-20 21:16:45,0.0,6977000.0,1
CUST-0047,Nam Nguyễn,Doanh nghiệp,00 4556 2386,219 Hoàng Làng,Cần Thơ,Phường 22,Hoàng và đối tác Công ty Cổ phần,0315040453,1997-07-04,2026-04-24 13:24:17,0.0,7648000.0,1
CUST-0048,Bảo Vũ,Doanh nghiệp,+84-07-482 1759,6 Dương Khu,Cần Thơ,Phường 5,Bùi Dương Công ty TNHH,0314895475,1997-08-04,2026-07-21 14:12:49,0.0,4549000.0,1
CUST-0049,Nhiên Thế Vũ,Doanh nghiệp,+84 64 0909743,394 John Đường,Bình Dương,Phường 9,Dương và Nguyễn Công ty Hợp danh,0318710313,1999-10-06,2025-08-16 16:27:05,0.0,1911000.0,1
CUST-0050,Cô Hạnh Đặng,Cá nhân,+84-62-328 5884,74 Trần Dãy,Bình Dương,Phường 1,,,2009-12-05,2026-05-21 04:41:28,0.0,11490000.0,1
CUST-0051,Chị Hải Bùi,Doanh nghiệp,(08)516-0481,49 Đặng Ngõ,Đà Nẵng,Phường 22,Dương Nguyễn Công ty Hợp danh,0313650391,2008-08-04,2026-07-17 10:06:13,0.0,2846000.0,1
CUST-0052,Trọng Hải Trần,Cá nhân,+84-74-612 0047,382 Dương Tổ,Hải Phòng,Phường 12,,,2004-12-16,2026-06-24 19:36:37,0.0,3474000.0,1
CUST-0053,Khoa Trí Bùi,Cá nhân,+84-17-964 0537,515 Nguyễn Số,Bình Dương,Phường 14,,,1998-04-01,2026-04-18 23:20:16,0.0,1510000.0,1
CUST-0054,Nhật Trần,Cá nhân,+84-39-005 3293,3 John Tổ,Hải Phòng,Phường 10,,,2006-09-22,2026-07-13 18:05:21,0.0,5061000.0,1
CUST-0055,Thảo Lê,Cá nhân,(08) 4210 2053,240 Jane Ngõ,Hải Phòng,Phường 16,,,2006-03-27,2026-06-14 01:12:03,0.0,6837000.0,1
CUST-0056,Quý ông Quang Mai,Cá nhân,+84-17-839084,0 Jane Số,TP. Hồ Chí Minh,Phường 13,,,2000-10-21,2026-05-17 17:43:42,0.0,6009000.0,1
CUST-0057,Nhật Dương,Cá nhân,+84 15 9212499,98 Dương Số,Cần Thơ,Phường 10,,,1995-03-31,2026-07-23 10:03:22,0.0,6717000.0,1
CUST-0058,Hải Mai,Cá nhân,+84-36-736 5766,65 Đặng Hẻm,Hà Nội,Phường 22,,,2005-03-27,2025-09-28 17:14:42,0.0,4028000.0,1
CUST-0059,Ông Vũ Trần,Doanh nghiệp,+84 61 5280988,1 Đặng Số,Đà Nẵng,Phường 1,Vũ Công ty Hợp danh,0311822825,1998-11-14,2026-04-21 13:03:29,0.0,5623000.0,1
CUST-0060,Khoa Mai,Doanh nghiệp,(02) 7315 8514,89 Jane Đường,Đồng Nai,Phường 10,Vũ Vũ Doanh nghiệp tư nhân,0314860745,1999-07-12,2026-05-25 16:25:12,0.0,2868000.0,1
CUST-0061,Chị Khoa Bùi,Cá nhân,+84 20 1836675,45 John Hẻm,TP. Hồ Chí Minh,Phường 21,,,1996-03-27,2026-05-01 13:17:20,0.0,6760000.0,1
CUST-0062,Dương Trần,Cá nhân,07 6797 6438,61 Hoàng Dãy,Cần Thơ,Phường 9,,,2002-07-08,2026-07-12 11:25:30,0.0,7331000.0,1
CUST-0063,Hưng Phạm,Cá nhân,09 0034324,10 Bùi Hẻm,Bình Dương,Phường 4,,,1995-10-04,2026-04-28 10:09:51,0.0,5566000.0,1
CUST-0064,Bà Hương Bùi,Cá nhân,(00)607-1596,6 Trần Số,Đà Nẵng,Phường 15,,,1993-11-30,2026-06-26 20:44:30,0.0,5085000.0,1
CUST-0065,Phúc Mai Đặng,Cá nhân,+84 61 3696816,5 Jane Hẻm,Cần Thơ,Phường 12,,,1994-11-10,2026-04-08 15:22:16,0.0,5500000.0,1
CUST-0066,Phương Mai,Cá nhân,(05) 5231 2432,1 Jane Dãy,Hà Nội,Phường 10,,,2006-05-21,2025-09-23 08:36:46,0.0,1468000.0,1
CUST-0067,Bác Dũng Lê,Cá nhân,01 7744905,77 John Tổ,Bình Dương,Phường 14,,,2007-09-13,2026-07-21 12:44:32,0.0,3415000.0,1
CUST-0068,Hải Trần,Cá nhân,+84-98-679807,97 John Dãy,TP. Hồ Chí Minh,Phường 5,,,1995-04-27,2026-06-24 12:21:26,0.0,3462000.0,1
CUST-0069,Vũ Xuân Nguyễn,Cá nhân,(07) 7889 2554,59 Jane Ngõ,Cần Thơ,Phường 17,,,1999-03-02,2026-06-08 07:26:54,0.0,4117000.0,1
CUST-0070,Hạnh Đức Hoàng,Cá nhân,(02)519-2546,1 Mai Số,Đồng Nai,Phường 6,,,2004-07-01,2026-02-27 01:51:30,0.0,1398000.0,1
CUST-0071,Hoàng Quang Bùi,Cá nhân,+84-50-542357,221 Trần Đường,Đồng Nai,Phường 16,,,2004-10-23,2025-08-30 11:55:10,0.0,326000.0,1
CUST-0072,Quý cô Bảo Lê,Cá nhân,(09) 2706 5379,7 John Khu,Bình Dương,Phường 11,,,2009-12-22,2026-07-02 13:37:47,0.0,5663000.0,1
CUST-0073,Anh Quang Hoàng,Cá nhân,07 4688623,07 Mai Ngõ,Hải Phòng,Phường 3,,,2005-08-27,2026-01-18 07:42:52,0.0,3002000.0,1
CUST-0074,Hạnh Trần,Cá nhân,(02)478-2613,06 Jane Tổ,Đồng Nai,Phường 8,,,1997-07-26,2026-06-08 12:01:05,0.0,2738000.0,1
CUST-0075,Thành Phạm,Doanh nghiệp,+84 51 5220472,90 John Khu,Đồng Nai,Phường 18,Lê Mai Công ty Trách nhiệm hữu hạn,0317136687,2003-11-29,2026-04-27 00:49:10,0.0,4206000.0,1
CUST-0076,Hà Thế Phạm,Cá nhân,01 0369 7117,8 John Khu,Đồng Nai,Phường 13,,,2000-11-09,2026-04-02 12:17:46,0.0,7948000.0,1
CUST-0077,Quang Bảo Lê,Cá nhân,+84-18-518 8888,70 Đặng Khu,Đà Nẵng,Phường 18,,,2006-04-07,2026-06-17 13:27:20,0.0,3296000.0,1
CUST-0078,Vũ Phú Phạm,Cá nhân,+84-19-520 5852,7 John Ngõ,Hải Phòng,Phường 12,,,2005-09-24,2026-05-06 15:40:38,0.0,830000.0,1
CUST-0079,Ông Khoa Phạm,Cá nhân,+84 30 5486874,3 Đặng Đường,Cần Thơ,Phường 13,,,2008-04-11,2026-04-20 20:29:58,0.0,2313000.0,1
CUST-0080,Anh Đức Đặng,Cá nhân,06 7652775,616 Jane Tổ,Hà Nội,Phường 22,,,1995-04-22,2025-10-22 20:39:23,0.0,326000.0,1
CUST-0081,Khoa Thế Dương,Cá nhân,+84-62-757059,01 Đặng Hẻm,Hải Phòng,Phường 1,,,2009-10-03,2026-05-07 06:36:19,0.0,3063000.0,1
CUST-0082,Quý cô An Lê,Cá nhân,+84 35 5690927,71 Jane Số,Cần Thơ,Phường 8,,,1998-11-27,2026-03-28 01:09:57,0.0,2920000.0,1
CUST-0083,Quang Trần,Cá nhân,+84 27 8681447,4 Phạm Ngõ,Bình Dương,Phường 15,,,1995-11-13,2026-06-03 06:30:58,0.0,6362000.0,1
CUST-0084,Nhật Lê,Cá nhân,+84-71-551 8844,2 Mai Làng,Bình Dương,Phường 14,,,1995-08-16,2026-03-28 14:14:12,0.0,6129000.0,1
CUST-0085,Chị Mai Dương,Cá nhân,+84 58 9578291,67 Bùi Ngõ,TP. Hồ Chí Minh,Phường 2,,,1995-09-10,2025-12-25 19:00:41,0.0,3092000.0,1
CUST-0086,Vũ Mai Dương,Cá nhân,+84-85-289 2268,824 John Tổ,Đà Nẵng,Phường 16,,,2009-06-13,2026-06-03 13:18:34,0.0,4864000.0,1
CUST-0087,Bà Vân Vũ,Cá nhân,(01)438-4249,2 John Tổ,Hà Nội,Phường 8,,,2007-11-19,2025-09-07 19:02:36,0.0,214000.0,1
CUST-0088,Ánh Nguyễn,Cá nhân,+84 09 4396907,4 Phạm Số,Hải Phòng,Phường 15,,,1998-08-13,2026-06-30 06:21:49,0.0,4687000.0,1
CUST-0089,Nhật Nguyễn,Cá nhân,(07) 6773 5925,5 Lê Tổ,Bình Dương,Phường 24,,,2002-04-25,2026-07-11 00:19:41,0.0,1660000.0,1
CUST-0090,Thành Phạm,Doanh nghiệp,01 4732104,6 John Tổ,Cần Thơ,Phường 24,Phạm và Lê Công ty TNHH MTV,0313592464,2010-06-28,2026-07-03 17:12:02,0.0,1501000.0,1
CUST-0091,Quý ông Khoa Dương,Doanh nghiệp,+84 16 8733950,79 Vũ Đường,Bình Dương,Phường 4,Bùi Công ty Cổ phần,0319209880,2008-07-24,2026-05-19 12:56:20,0.0,2186000.0,1
CUST-0092,Thành Phú Nguyễn,Doanh nghiệp,00 9835841,7 Hoàng Ngõ,Đà Nẵng,Phường 2,Trần Bùi Doanh nghiệp tư nhân,0317216461,2007-01-27,2026-04-27 13:41:57,0.0,3886000.0,1
CUST-0093,Tùng Phú Lê,Cá nhân,(09) 8680 0025,7 John Tổ,Hải Phòng,Phường 15,,,2009-05-23,2026-07-17 07:42:47,0.0,2940000.0,1
CUST-0094,Phúc Hữu Hoàng,Cá nhân,+84-49-588 8794,551 Hoàng Khu,Đồng Nai,Phường 12,,,2007-02-08,2026-06-04 06:38:57,0.0,1403000.0,1
CUST-0095,Duyên Dương,Cá nhân,09 9309 7289,309 John Đường,Bình Dương,Phường 12,,,2001-01-21,2026-02-06 15:48:19,0.0,2878000.0,1
CUST-0096,Bảo Bảo Phạm,Cá nhân,08 9702838,7 Đặng Hẻm,Hà Nội,Phường 13,,,2001-05-17,2026-04-15 03:23:15,0.0,436000.0,1
CUST-0097,Tùng Phú Vũ,Cá nhân,+84-73-348434,3 Đặng Dãy,TP. Hồ Chí Minh,Phường 4,,,1999-06-28,2026-04-02 10:14:18,0.0,6220000.0,1
CUST-0098,Khoa Trần,Doanh nghiệp,+84-86-652404,74 Phạm Làng,Hà Nội,Phường 22,Mai và Vũ Công ty Cổ phần,0314558545,1995-06-02,2026-06-06 04:50:34,0.0,3255000.0,1
CUST-0099,Chị Ngọc Mai,Cá nhân,(03) 0165 7120,77 Jane Tổ,Hà Nội,Phường 11,,,1998-05-31,2026-01-13 23:42:57,0.0,3114000.0,1
CUST-0100,Xuân Trần,Cá nhân,+84-93-802 6206,400 Hoàng Ngõ,TP. Hồ Chí Minh,Phường 19,,,2009-05-05,2026-07-20 22:24:04,0.0,5579000.0,1
CUST-0101,Khoa Mai Mai,Cá nhân,+84-72-874315,7 Lê Đường,Hà Nội,Phường 25,,,2006-01-30,2026-04-03 18:49:06,0.0,2853000.0,1
CUST-0102,Nhiên Phạm,Cá nhân,(09) 6685 1612,53 Jane Số,Cần Thơ,Phường 7,,,1997-07-25,2026-06-30 05:32:00,0.0,3983000.0,1
CUST-0103,Dũng Vũ,Cá nhân,+84-90-453017,684 Jane Tổ,Đà Nẵng,Phường 25,,,2004-01-04,2025-12-17 01:06:09,0.0,1000000.0,1
CUST-0104,Chị Chi Lê,Cá nhân,09 5687833,7 Trần Ngõ,Đồng Nai,Phường 20,,,1994-08-11,2026-06-22 07:06:53,0.0,7154000.0,1
CUST-0105,Chị Lan Đặng,Cá nhân,(08)713-9718,728 Dương Đường,Đà Nẵng,Phường 5,,,2003-01-22,2026-03-03 16:29:07,0.0,2787000.0,1
CUST-0106,Nam Bùi,Cá nhân,00 3910 6518,704 Lê Hẻm,Cần Thơ,Phường 9,,,2006-07-31,2026-04-30 11:11:13,0.0,2320000.0,1
CUST-0107,Thành Hữu Dương,Cá nhân,(06)618-2512,2 John Đường,Hà Nội,Phường 22,,,2010-03-12,2025-12-31 04:01:38,0.0,3020000.0,1
CUST-0108,Quý ông Tùng Bùi,Cá nhân,(03)375-2431,6 John Làng,TP. Hồ Chí Minh,Phường 1,,,1994-09-14,2026-07-22 18:23:10,0.0,9937000.0,1
CUST-0109,Chi Hoàng,Cá nhân,+84-03-067 3830,4 Jane Tổ,Đồng Nai,Phường 8,,,1997-08-02,2026-03-22 06:44:46,0.0,1308000.0,1
CUST-0110,Chị Kim Vũ,Cá nhân,00 8926 8705,5 Bùi Hẻm,Hà Nội,Phường 6,,,1998-08-29,2026-01-18 10:34:03,0.0,4015000.0,1
CUST-0111,Quý cô Lâm Phạm,Cá nhân,02 7086 6882,435 Jane Tổ,Hà Nội,Phường 5,,,1995-02-18,2026-07-04 12:38:38,0.0,453000.0,1
CUST-0112,Cô Thảo Bùi,Doanh nghiệp,+84-99-013 9837,40 John Ngõ,Cần Thơ,Phường 4,Phạm và đối tác Công ty Trách nhiệm hữu hạn,0312066326,2003-11-01,2026-07-20 16:45:49,0.0,7208000.0,1
CUST-0113,Quý cô Xuân Phạm,Doanh nghiệp,+84-54-678544,7 Trần Dãy,Hải Phòng,Phường 25,Phạm và Đặng Doanh nghiệp tư nhân,0317074006,2000-08-06,2026-02-14 07:41:45,0.0,1393000.0,1
CUST-0114,Chị Ngọc Vũ,Cá nhân,+84-99-642353,3 Mai Tổ,Hải Phòng,Phường 17,,,1997-12-07,2026-06-29 22:13:43,0.0,4394000.0,1
CUST-0115,Quý ông Bảo Lê,Cá nhân,+84-52-287 2808,006 John Ngõ,Cần Thơ,Phường 2,,,2005-07-31,2025-08-11 16:55:32,0.0,5033000.0,1
CUST-0116,Mai Mai,Cá nhân,05 0997700,084 Nguyễn Số,Hải Phòng,Phường 21,,,2007-04-07,2026-04-16 12:34:13,0.0,3736000.0,1
CUST-0117,Cô Hà Mai,Cá nhân,(03) 3984 5461,79 John Khu,Hà Nội,Phường 16,,,2005-03-10,2025-11-24 22:21:34,0.0,2471000.0,1
CUST-0118,Hải Nguyễn,Doanh nghiệp,+84 66 6870021,59 John Làng,Hải Phòng,Phường 22,Hoàng Dương Doanh nghiệp tư nhân,0312811298,1994-05-09,2026-02-04 00:42:32,0.0,3856000.0,1
CUST-0119,Hải Vũ,Doanh nghiệp,+84-90-250392,429 Jane Tổ,Bình Dương,Phường 15,Lê và đối tác Tập Đoàn,0312232969,2010-05-13,2026-06-03 11:03:44,0.0,3667000.0,1
CUST-0120,Phương Đặng,Cá nhân,+84 16 3159996,477 Jane Số,Đà Nẵng,Phường 20,,,2000-11-25,2026-03-28 00:57:00,0.0,1395000.0,1
CUST-0121,Hà Thế Phạm,Cá nhân,+84-11-426 2655,047 Vũ Ngõ,Hà Nội,Phường 5,,,1995-10-24,2026-04-09 14:47:25,0.0,5902000.0,1
CUST-0122,Quý cô Nhật Mai,Cá nhân,+84-86-101581,04 Bùi Ngõ,Cần Thơ,Phường 21,,,2005-11-18,2026-07-09 07:31:51,0.0,3624000.0,1
CUST-0123,Chị Dương Bùi,Cá nhân,(02) 4447 2126,47 Jane Khu,Hải Phòng,Phường 20,,,2009-08-11,2026-07-15 19:06:29,0.0,3939000.0,1
CUST-0124,Anh Bảo Trần,Cá nhân,(04) 0659 6575,9 Jane Tổ,Hải Phòng,Phường 17,,,2003-10-25,2026-05-05 11:00:56,0.0,3646000.0,1
CUST-0125,Quý cô Linh Lê,Doanh nghiệp,05 4793564,19 John Đường,Hà Nội,Phường 23,Phạm và đối tác Công ty TNHH MTV,0312919549,2007-02-13,2026-07-15 23:25:52,0.0,1788000.0,1
CUST-0126,Kim Dương,Cá nhân,(04) 3426 6179,6 Mai Đường,Hải Phòng,Phường 15,,,2007-01-01,2026-07-08 05:50:54,0.0,12417000.0,1
CUST-0127,Tùng Quang Trần,Cá nhân,(03)529-0965,014 John Dãy,Hải Phòng,Phường 11,,,1999-12-02,2026-06-15 01:07:10,0.0,2066000.0,1
CUST-0128,Anh Quang Nguyễn,Doanh nghiệp,01 4611254,38 Đặng Dãy,Hải Phòng,Phường 14,Dương Công ty Trách nhiệm hữu hạn,0312595275,2005-05-28,2026-06-01 09:35:19,0.0,11013000.0,1
CUST-0129,Vũ Thế Nguyễn,Cá nhân,(01)051-2382,86 Phạm Số,Hải Phòng,Phường 11,,,2004-04-07,2026-05-04 09:12:56,0.0,6677000.0,1
CUST-0130,Quý cô Kim Nguyễn,Cá nhân,+84-93-796 6033,1 John Tổ,Đà Nẵng,Phường 5,,,1999-02-07,2026-06-21 07:27:42,0.0,3708000.0,1
CUST-0131,Ông Anh Dương,Doanh nghiệp,+84-59-696915,92 Hoàng Ngõ,Hà Nội,Phường 3,Đặng Trần Công ty Cổ phần,0312432176,1998-10-02,2026-05-10 12:14:30,0.0,1364000.0,1
CUST-0132,Bà Nhật Lê,Cá nhân,+84-66-929662,8 John Dãy,Hải Phòng,Phường 4,,,1998-06-21,2026-05-02 00:46:55,0.0,2227000.0,1
CUST-0133,Bà Nhật Hoàng,Cá nhân,+84 50 7236887,7 Dương Dãy,Đồng Nai,Phường 5,,,1996-05-27,2026-06-22 02:28:55,0.0,7555000.0,1
CUST-0134,Vi Phạm,Cá nhân,00 4384 2797,1 Mai Tổ,Cần Thơ,Phường 18,,,2002-10-10,2026-02-09 00:38:12,0.0,3229000.0,1
CUST-0135,Vi Dương,Cá nhân,+84-36-134074,713 Jane Số,Bình Dương,Phường 4,,,1996-05-19,2025-12-19 13:24:07,0.0,2349000.0,1
CUST-0136,Chị Lâm Nguyễn,Doanh nghiệp,+84-58-498254,4 John Số,Đà Nẵng,Phường 22,Vũ Tập Đoàn,0318095702,2004-09-16,2026-04-05 03:54:13,0.0,3792000.0,1
CUST-0137,Chị Bảo Đặng,Cá nhân,(03)672-9466,168 Đặng Dãy,Đà Nẵng,Phường 20,,,2009-09-18,2026-02-20 23:40:47,0.0,3239000.0,1
CUST-0138,Nhiên Văn Trần,Cá nhân,+84-75-186 3637,45 Jane Tổ,Đà Nẵng,Phường 4,,,2008-10-04,2026-03-09 12:21:56,0.0,1721000.0,1
CUST-0139,Ngọc Trần,Cá nhân,+84-70-127 7063,4 Jane Ngõ,TP. Hồ Chí Minh,Phường 22,,,2004-09-08,2026-03-26 23:22:53,0.0,3913000.0,1
CUST-0140,Vũ Đặng,Doanh nghiệp,+84-20-643 6110,12 Jane Đường,TP. Hồ Chí Minh,Phường 4,Đặng Tập Đoàn,0316873938,1995-08-11,2026-05-27 11:26:45,0.0,3152000.0,1
CUST-0141,Nhật Trí Dương,Cá nhân,+84 36 1115542,218 John Dãy,Hà Nội,Phường 25,,,1999-07-13,2026-02-18 16:55:02,0.0,6939000.0,1
CUST-0142,Chị Xuân Bùi,Cá nhân,+84-73-112196,52 Jane Ngõ,Cần Thơ,Phường 8,,,1997-10-11,2026-05-25 05:32:42,0.0,2900000.0,1
CUST-0143,Nam Vũ,Doanh nghiệp,(08) 9836 4037,379 John Tổ,Đồng Nai,Phường 18,Lê và Bùi Tập Đoàn,0311440466,2007-10-28,2026-07-23 12:07:31,0.0,6038000.0,1
CUST-0144,Thành Xuân Dương,Cá nhân,(01)091-0430,84 Bùi Số,Hà Nội,Phường 6,,,1994-12-17,2026-07-02 22:56:48,0.0,10564000.0,1
CUST-0145,Bà Hà Vũ,Cá nhân,+84 83 2856914,3 John Ngõ,Bình Dương,Phường 25,,,2009-04-12,2026-07-19 18:13:31,0.0,1513000.0,1
CUST-0146,Nhật Hoàng,Cá nhân,+84-04-210202,88 Lê Tổ,Đà Nẵng,Phường 12,,,1995-09-20,2026-06-14 03:10:20,0.0,7662000.0,1
CUST-0147,Tú Nguyễn,Cá nhân,06 4814 9177,792 Lê Khu,TP. Hồ Chí Minh,Phường 5,,,2006-09-15,2026-06-22 20:00:20,0.0,6467000.0,1
CUST-0148,Lâm Mai,Doanh nghiệp,+84 00 3075622,6 Jane Làng,Hà Nội,Phường 5,Đặng và đối tác Doanh nghiệp tư nhân,0311514340,2007-08-08,2026-04-08 22:22:09,0.0,4176000.0,1
CUST-0149,Tú Thị Lê,Cá nhân,(08) 0617 4451,534 Hoàng Làng,Bình Dương,Phường 17,,,2001-06-12,2026-03-29 05:06:38,0.0,8443000.0,1
CUST-0150,Anh Tùng Phạm,Cá nhân,(00) 6038 5050,4 John Làng,Hải Phòng,Phường 14,,,2000-09-11,2026-05-25 12:58:39,0.0,5607000.0,1
CUST-0151,Lan Vũ,Doanh nghiệp,+84 03 8657191,6 John Số,Đà Nẵng,Phường 6,Phạm Vũ Doanh nghiệp tư nhân,0317208460,2008-01-10,2026-03-03 06:37:14,0.0,4323000.0,1
CUST-0152,Nhật Tấn Đặng,Cá nhân,04 3132912,775 Trần Tổ,Bình Dương,Phường 11,,,2009-12-16,2026-04-17 17:06:28,0.0,2386000.0,1
CUST-0153,Quý cô Thảo Dương,Cá nhân,01 1249 0352,3 Bùi Đường,Hà Nội,Phường 5,,,2005-01-26,2026-07-19 22:12:44,0.0,5000000.0,1
CUST-0154,Phúc Nguyễn,Cá nhân,07 8831712,032 Jane Tổ,Đồng Nai,Phường 20,,,2005-03-24,2026-04-23 04:37:40,0.0,3664000.0,1
CUST-0155,Khoa Hoàng,Cá nhân,01 0137 2151,02 Bùi Dãy,Bình Dương,Phường 3,,,1994-01-23,2026-07-17 07:54:24,0.0,4004000.0,1
CUST-0156,Bảo Phú Phạm,Cá nhân,(04) 4720 9993,68 Nguyễn Ngõ,Hải Phòng,Phường 22,,,1998-04-26,2026-05-12 11:20:22,0.0,5916000.0,1
CUST-0157,Quý cô Lâm Mai,Doanh nghiệp,(08) 0657 8759,42 Jane Làng,Hải Phòng,Phường 20,Vũ Công ty TNHH,0318416270,2007-04-22,2026-05-14 09:24:43,0.0,3956000.0,1
CUST-0158,Bác Nhiên Phạm,Doanh nghiệp,(01) 3348 0396,239 Đặng Đường,Đà Nẵng,Phường 7,Hoàng và Hoàng Công ty Cổ phần,0319595744,2003-02-18,2026-04-18 06:06:39,0.0,4815000.0,1
CUST-0159,Quý cô Vân Vũ,Cá nhân,(07) 0103 9308,593 Jane Hẻm,Đà Nẵng,Phường 14,,,2009-03-06,2026-07-01 02:44:28,0.0,4959000.0,1
CUST-0160,Hưng Văn Lê,Cá nhân,+84-21-851569,45 John Số,Đà Nẵng,Phường 22,,,2007-01-08,2026-07-18 08:18:35,0.0,1948000.0,1
CUST-0161,Bác Phúc Mai,Doanh nghiệp,+84-95-392 6442,0 Hoàng Đường,Cần Thơ,Phường 22,Hoàng Đặng Tập Đoàn,0316174418,2010-01-03,2026-07-22 14:52:22,0.0,10979000.0,1
CUST-0162,Cô Xuân Dương,Cá nhân,(05) 1355 2157,33 Jane Khu,TP. Hồ Chí Minh,Phường 13,,,2006-12-09,2026-06-06 19:53:26,0.0,4008000.0,1
CUST-0163,Ngọc Bùi,Cá nhân,06 2676586,93 Jane Ngõ,Hà Nội,Phường 7,,,2007-02-23,2026-06-27 20:09:46,0.0,16302000.0,1
CUST-0164,Thảo Nguyễn,Cá nhân,04 1152 6218,99 Nguyễn Số,TP. Hồ Chí Minh,Phường 25,,,2009-07-31,2026-07-07 18:28:47,0.0,3175000.0,1
CUST-0165,Quý cô Bảo Nguyễn,Cá nhân,+84 53 3688444,069 Lê Đường,Đồng Nai,Phường 9,,,1999-09-11,2026-04-26 03:58:13,0.0,4831000.0,1
CUST-0166,Hà Thế Hoàng,Cá nhân,03 1032417,67 Vũ Ngõ,Đà Nẵng,Phường 4,,,2004-06-21,2026-05-09 17:33:31,0.0,824000.0,1
CUST-0167,Bảo Phú Bùi,Cá nhân,02 7047 7434,115 Hoàng Làng,Hải Phòng,Phường 24,,,2002-12-21,2026-05-06 01:11:40,0.0,3365000.0,1
CUST-0168,Phương Bảo Mai,Doanh nghiệp,+84-79-374 1608,722 John Hẻm,TP. Hồ Chí Minh,Phường 5,Bùi Công ty TNHH,0317378822,2010-05-12,2026-06-08 05:50:48,0.0,990000.0,1
CUST-0169,Lâm Trí Hoàng,Cá nhân,05 1168 6854,998 Trần Số,Cần Thơ,Phường 18,,,1996-02-08,2026-04-20 06:44:33,0.0,2882000.0,1
CUST-0170,Hà Hoàng,Cá nhân,(01)485-6467,246 Jane Đường,Hà Nội,Phường 13,,,2000-04-15,2026-07-18 01:06:38,0.0,6015000.0,1
CUST-0171,Quang Thị Dương,Cá nhân,05 0544 4713,75 Bùi Ngõ,Hải Phòng,Phường 1,,,1996-10-02,2026-05-29 06:29:32,0.0,6886000.0,1
CUST-0172,Quý cô Yến Dương,Doanh nghiệp,(08)508-2148,890 John Làng,Hà Nội,Phường 11,Phạm Công ty TNHH,0318202195,2001-04-27,2026-07-19 15:02:14,0.0,4696000.0,1
CUST-0173,Trung Đức Đặng,Doanh nghiệp,(07)861-0357,798 Đặng Hẻm,Bình Dương,Phường 21,Trần và Vũ Công ty TNHH,0318007741,2000-02-18,2026-07-20 12:04:47,0.0,7761000.0,1
CUST-0174,Chị Lâm Phạm,Cá nhân,+84-34-680 0722,494 Bùi Số,Hà Nội,Phường 13,,,2008-01-14,2026-06-02 15:35:47,0.0,2186000.0,1
CUST-0175,Bác Trung Dương,Cá nhân,08 9691 0858,17 Jane Khu,Đà Nẵng,Phường 6,,,2004-06-13,2026-05-19 12:29:32,0.0,4313000.0,1
CUST-0176,Anh Vũ,Doanh nghiệp,(02) 8309 6520,46 Bùi Đường,Đồng Nai,Phường 23,Đặng Phạm Công ty Trách nhiệm hữu hạn,0317070880,2002-08-25,2026-05-03 13:33:50,0.0,3601000.0,1
CUST-0177,Bác Minh Vũ,Cá nhân,(02)824-1724,5 John Tổ,Hải Phòng,Phường 4,,,1997-05-10,2026-05-07 20:39:44,0.0,5840000.0,1
CUST-0178,Huy Đặng,Cá nhân,04 9471 7099,38 Jane Khu,Hải Phòng,Phường 19,,,2000-07-31,2026-04-05 14:56:34,0.0,4729000.0,1
CUST-0179,Chị Lâm Đặng,Doanh nghiệp,09 7252175,00 Vũ Làng,Cần Thơ,Phường 3,Hoàng Lê Công ty TNHH MTV,0317639863,2006-11-28,2026-07-24 13:44:40,0.0,4764000.0,1
CUST-0180,Bảo Hoàng,Cá nhân,06 6676008,5 Jane Làng,Bình Dương,Phường 11,,,1993-11-12,2026-06-02 21:42:37,0.0,904000.0,1
CUST-0181,Dương Phạm,Cá nhân,(05) 4216 8942,447 Bùi Hẻm,Đà Nẵng,Phường 25,,,1999-05-22,2026-03-08 15:45:45,0.0,5318000.0,1
CUST-0182,Bác Trung Lê,Cá nhân,(06)033-2309,506 Mai Đường,Hà Nội,Phường 17,,,2003-08-28,2026-05-31 07:01:15,0.0,6503000.0,1
CUST-0183,Dương Trần,Cá nhân,+84-00-167 6184,2 John Khu,Cần Thơ,Phường 17,,,2000-09-18,2026-03-04 00:14:28,0.0,3534000.0,1
CUST-0184,Hải Mai,Cá nhân,09 9261 8914,739 Jane Làng,Đồng Nai,Phường 12,,,1999-08-24,2026-03-08 13:00:03,0.0,3655000.0,1
CUST-0185,Hạnh Xuân Nguyễn,Cá nhân,+84-73-753001,7 John Ngõ,Bình Dương,Phường 21,,,2005-11-10,2026-07-07 15:31:09,0.0,730000.0,1
CUST-0186,Hạnh Phạm,Cá nhân,04 4701204,5 Trần Ngõ,TP. Hồ Chí Minh,Phường 4,,,2008-01-12,2026-06-27 11:52:29,0.0,4628000.0,1
CUST-0187,Ngọc Lê,Cá nhân,+84-25-579 4155,667 Bùi Dãy,Đà Nẵng,Phường 7,,,2007-02-27,2025-11-20 01:39:01,0.0,1466000.0,1
CUST-0188,Cô Bảo Nguyễn,Cá nhân,(02)169-7972,90 Jane Dãy,Cần Thơ,Phường 5,,,1995-06-25,2026-06-04 06:25:30,0.0,3451000.0,1
CUST-0189,Nhật Thị Trần,Cá nhân,05 0899 3588,37 Bùi Hẻm,TP. Hồ Chí Minh,Phường 25,,,2007-10-28,2026-05-22 03:47:29,0.0,5090000.0,1
CUST-0190,Ngọc Lê,Doanh nghiệp,+84-77-217535,838 Bùi Làng,Hải Phòng,Phường 25,Dương Công ty TNHH MTV,0318531380,2007-03-08,2026-01-24 18:23:41,0.0,3724000.0,1
CUST-0191,Ông Châu Dương,Cá nhân,01 7016 6088,994 Jane Tổ,Đồng Nai,Phường 21,,,1999-09-26,2026-03-09 06:45:17,0.0,3446000.0,1
CUST-0192,Ánh Phạm,Cá nhân,(07)589-9757,305 Vũ Tổ,TP. Hồ Chí Minh,Phường 15,,,2005-06-30,2025-11-14 17:32:21,0.0,306000.0,1
CUST-0193,Xuân Lê,Cá nhân,02 6149331,735 Jane Đường,Hải Phòng,Phường 15,,,2009-04-24,2026-07-11 17:44:52,0.0,1575000.0,1
CUST-0194,Nhật Dương,Cá nhân,+84-98-270 8086,2 John Ngõ,Đồng Nai,Phường 9,,,2000-02-23,2026-07-05 13:01:19,0.0,6073000.0,1
CUST-0195,Minh Hữu Bùi,Cá nhân,+84-34-654722,8 Mai Tổ,Đà Nẵng,Phường 17,,,2005-08-30,2026-07-23 13:16:37,0.0,4889000.0,1
CUST-0196,Chị Mai Hoàng,Cá nhân,+84-45-228 8515,9 Mai Khu,Đà Nẵng,Phường 15,,,2008-06-23,2026-05-27 03:38:49,0.0,11331000.0,1
CUST-0197,An Đức Nguyễn,Doanh nghiệp,02 0034244,438 Jane Dãy,Hà Nội,Phường 2,Hoàng Tập Đoàn,0317186390,2005-01-16,2026-05-23 13:06:55,0.0,4998000.0,1
CUST-0198,Quý cô Mai Mai,Cá nhân,(04)066-6580,4 Jane Làng,Hà Nội,Phường 21,,,2009-01-20,2025-12-09 01:55:38,0.0,1534000.0,1
CUST-0199,Nhiên Hoàng Phạm,Cá nhân,07 2122 8160,84 John Khu,Cần Thơ,Phường 20,,,1993-08-28,2026-07-18 22:18:09,0.0,2613000.0,1
CUST-0200,Anh Hưng Lê,Doanh nghiệp,09 0947 9851,3 John Hẻm,Hải Phòng,Phường 19,Mai và đối tác Công ty Hợp danh,0311688246,2000-06-01,2026-06-05 10:03:52,0.0,6594000.0,1
CUST-0201,Quang Hoàng Đặng,Doanh nghiệp,05 4398 7801,39 John Tổ,Đồng Nai,Phường 19,Trần và đối tác Công ty TNHH MTV,0314158134,1997-12-03,2026-04-22 13:43:16,0.0,7202000.0,1
CUST-0202,Nam Mai,Cá nhân,(05)887-7043,1 John Đường,Cần Thơ,Phường 16,,,2004-03-20,2026-06-07 08:08:46,0.0,1066000.0,1
CUST-0203,Chị Ánh Bùi,Cá nhân,(01)386-1207,110 Jane Ngõ,Hà Nội,Phường 15,,,2003-05-02,2026-07-24 18:42:13,0.0,10221000.0,1
CUST-0204,Bà Hồng Bùi,Cá nhân,06 6506180,9 John Tổ,Đồng Nai,Phường 11,,,2009-05-03,2026-04-20 23:21:41,0.0,5005000.0,1
CUST-0205,Hạnh Vũ,Cá nhân,+84-14-766072,684 Jane Tổ,Cần Thơ,Phường 21,,,2009-11-01,2026-06-13 19:10:56,0.0,1584000.0,1
CUST-0206,Vân Mai,Cá nhân,(01) 0099 6881,536 John Hẻm,Hà Nội,Phường 8,,,1997-04-24,2026-06-14 07:31:47,0.0,6243000.0,1
CUST-0207,Trung Trần,Doanh nghiệp,(09) 0878 1414,975 Lê Làng,Hải Phòng,Phường 17,Vũ Công ty Hợp danh,0319770256,1994-09-30,2026-05-02 03:52:12,0.0,4163000.0,1
CUST-0208,Bà Chi Dương,Cá nhân,09 4929 9556,533 Vũ Tổ,Đà Nẵng,Phường 12,,,1995-11-04,2026-02-09 23:36:14,0.0,3173000.0,1
CUST-0209,Châu Mai Dương,Cá nhân,04 7812 9142,11 John Số,Hải Phòng,Phường 14,,,2006-08-20,2025-11-29 18:40:29,0.0,1172000.0,1
CUST-0210,Cô Vân Vũ,Cá nhân,+84-87-256394,88 Jane Tổ,Bình Dương,Phường 20,,,2002-02-04,2026-07-01 14:47:54,0.0,9978000.0,1
CUST-0211,Chị Vi Mai,Cá nhân,(07) 2299 2750,31 Đặng Làng,Đồng Nai,Phường 21,,,1994-04-15,2026-07-17 12:19:08,0.0,1514000.0,1
CUST-0212,Bà Hồng Dương,Cá nhân,00 0518449,65 Jane Số,Hà Nội,Phường 11,,,2010-02-04,2026-07-02 07:32:18,0.0,801000.0,1
CUST-0213,Quý cô Linh Đặng,Cá nhân,07 9082723,4 John Hẻm,Cần Thơ,Phường 22,,,1996-03-27,2026-03-31 03:39:39,0.0,1139000.0,1
CUST-0214,Hải Phạm,Doanh nghiệp,05 1777392,302 John Đường,Đà Nẵng,Phường 9,Nguyễn Lê Doanh nghiệp tư nhân,0313522845,2009-03-29,2026-07-22 13:37:47,0.0,6228000.0,1
CUST-0215,Khoa Văn Vũ,Cá nhân,+84 37 9772369,2 Lê Tổ,Hà Nội,Phường 19,,,2009-03-28,2026-07-03 20:56:05,0.0,4382000.0,1
CUST-0216,Lâm Bùi,Cá nhân,02 1038862,799 John Ngõ,Đà Nẵng,Phường 10,,,2001-10-04,2026-04-29 19:46:44,0.0,5135000.0,1
CUST-0217,Cô Hải Bùi,Doanh nghiệp,+84-65-086376,9 Jane Hẻm,TP. Hồ Chí Minh,Phường 20,Dương và Phạm Tập Đoàn,0312421349,1994-12-26,2026-06-10 00:48:47,0.0,3891000.0,1
CUST-0218,Hạnh Hoàng Nguyễn,Cá nhân,+84-09-818 0635,12 Hoàng Khu,Cần Thơ,Phường 13,,,1998-01-01,2026-07-08 00:09:45,0.0,7897000.0,1
CUST-0219,Khoa Phú Hoàng,Cá nhân,06 3688 7258,49 Bùi Hẻm,Đồng Nai,Phường 5,,,2008-02-04,2026-07-10 17:03:33,0.0,530000.0,1
CUST-0220,Nhật Phạm,Cá nhân,02 1386589,601 Jane Số,Bình Dương,Phường 22,,,1995-01-22,,0.0,0.0,1
CUST-0221,Quang Đặng,Doanh nghiệp,+84 90 6698490,7 Nguyễn Làng,Cần Thơ,Phường 12,Phạm và Nguyễn Tập Đoàn,0311305857,2003-10-02,2026-05-17 22:35:57,0.0,8168000.0,1
CUST-0222,Chị Dương Nguyễn,Cá nhân,03 0214 6566,0 John Khu,Đà Nẵng,Phường 6,,,2005-11-26,2026-06-03 09:11:20,0.0,2459000.0,1
CUST-0223,Quang Đức Phạm,Cá nhân,+84-37-690426,1 Đặng Ngõ,Đà Nẵng,Phường 25,,,2007-03-18,2026-05-24 19:19:08,0.0,8995000.0,1
CUST-0224,Tùng Hoàng,Doanh nghiệp,07 6973 5779,14 Jane Làng,TP. Hồ Chí Minh,Phường 8,Đặng Bùi Doanh nghiệp tư nhân,0313307963,2002-05-04,2026-03-26 02:33:30,0.0,2983000.0,1
CUST-0225,Yến Vũ,Cá nhân,(04) 1651 8275,942 Jane Làng,Hà Nội,Phường 10,,,1997-07-21,2026-07-08 06:51:13,0.0,5586000.0,1
CUST-0226,Bà Mai Phạm,Cá nhân,(03) 9521 1179,0 Đặng Tổ,Cần Thơ,Phường 25,,,2001-12-05,2026-02-08 21:29:35,0.0,3810000.0,1
CUST-0227,Châu Lê,Cá nhân,(08)463-9208,80 Bùi Hẻm,Bình Dương,Phường 11,,,2001-05-01,2026-02-06 23:52:11,0.0,2350000.0,1
CUST-0228,Nhật Mai,Cá nhân,05 0036915,4 Jane Làng,Cần Thơ,Phường 13,,,1998-02-20,2026-02-01 10:18:54,0.0,4293000.0,1
CUST-0229,Quang Xuân Dương,Cá nhân,03 6556472,3 Jane Làng,TP. Hồ Chí Minh,Phường 6,,,2003-01-01,2025-12-23 18:28:29,0.0,419000.0,1
CUST-0230,Lâm Trí Lê,Cá nhân,00 2672885,48 Jane Ngõ,Bình Dương,Phường 15,,,2005-04-19,2026-06-26 07:45:57,0.0,3624000.0,1
CUST-0231,Mai Vũ,Cá nhân,01 7545588,06 Jane Làng,Hải Phòng,Phường 12,,,2003-05-14,2026-07-05 07:06:44,0.0,7747000.0,1
CUST-0232,Bà Thành Đặng,Cá nhân,+84-87-716 9472,5 Hoàng Số,Hải Phòng,Phường 20,,,2007-12-28,2026-05-11 09:26:12,0.0,4707000.0,1
CUST-0233,Hà Lê,Cá nhân,03 5544 9647,9 Bùi Hẻm,Đồng Nai,Phường 24,,,1996-09-07,2026-06-13 21:32:21,0.0,4677000.0,1
CUST-0234,Lan Phạm,Doanh nghiệp,+84-41-326 1117,681 Jane Hẻm,TP. Hồ Chí Minh,Phường 18,Bùi Doanh nghiệp tư nhân,0315012581,1997-06-17,2026-02-11 22:16:47,0.0,3117000.0,1
CUST-0235,Bảo Lê,Cá nhân,(08) 2005 5778,7 John Dãy,Đồng Nai,Phường 16,,,2004-04-15,2026-07-13 14:25:12,0.0,4586000.0,1
CUST-0236,Phương Thế Đặng,Cá nhân,08 3174564,00 Jane Khu,Đà Nẵng,Phường 22,,,2001-07-15,2026-06-23 08:10:04,0.0,7096000.0,1
CUST-0237,Yến Dương,Doanh nghiệp,(07)406-4930,686 Phạm Hẻm,Hải Phòng,Phường 25,Bùi và đối tác Công ty Cổ phần,0315727345,1998-01-11,2026-07-10 00:00:53,0.0,3305000.0,1
CUST-0238,Hải Hải Mai,Doanh nghiệp,(09)448-4631,417 Vũ Dãy,Cần Thơ,Phường 17,Đặng Nguyễn Công ty Cổ phần,0318023963,1994-05-28,2026-04-30 14:36:57,0.0,1352000.0,1
CUST-0239,Lan Trần,Cá nhân,04 2703 1207,64 Đặng Dãy,Đồng Nai,Phường 7,,,2005-05-29,2026-03-04 21:19:24,0.0,1206000.0,1
CUST-0240,Linh Trần,Cá nhân,(02)046-1872,60 John Số,Đồng Nai,Phường 9,,,2006-09-02,2026-06-26 20:02:05,0.0,1706000.0,1
CUST-0241,Anh Hưng Phạm,Cá nhân,01 8376452,8 Jane Dãy,Bình Dương,Phường 16,,,2004-05-31,2026-05-05 20:29:15,0.0,6138000.0,1
CUST-0242,Bà Xuân Nguyễn,Cá nhân,(03)136-5024,30 Jane Hẻm,Cần Thơ,Phường 4,,,1999-11-16,2026-04-16 19:08:18,0.0,2576000.0,1
CUST-0243,Lâm Lê,Cá nhân,01 9500528,735 Dương Làng,Đà Nẵng,Phường 3,,,1993-12-03,2026-07-20 16:11:56,0.0,12174000.0,1
CUST-0244,Thành Trí Vũ,Cá nhân,+84 77 8487392,74 John Hẻm,Đà Nẵng,Phường 15,,,2001-03-14,2025-12-14 22:11:02,0.0,3473000.0,1
CUST-0245,Tùng Đặng,Cá nhân,00 8620959,18 Phạm Dãy,Đồng Nai,Phường 14,,,2006-07-30,2026-07-23 07:21:54,0.0,3419000.0,1
CUST-0246,Bà Thành Bùi,Cá nhân,+84-51-181 0220,731 Jane Dãy,TP. Hồ Chí Minh,Phường 15,,,2002-07-01,2026-04-20 06:50:01,0.0,3612000.0,1
CUST-0247,Hưng Đặng,Cá nhân,(09) 1037 1705,09 Mai Đường,Hà Nội,Phường 14,,,2006-01-16,2026-05-16 18:32:09,0.0,2359000.0,1
CUST-0248,Vũ Phạm,Cá nhân,+84-11-386338,2 Trần Tổ,Hải Phòng,Phường 17,,,2005-01-09,2026-01-25 18:59:48,0.0,2974000.0,1
CUST-0249,Hà Xuân Lê,Cá nhân,+84-68-528975,5 Bùi Số,TP. Hồ Chí Minh,Phường 13,,,2007-08-09,2026-07-07 02:57:56,0.0,4043000.0,1
CUST-0250,Trọng Hải Hoàng,Cá nhân,+84-36-845776,0 Hoàng Đường,Đà Nẵng,Phường 8,,,2002-05-11,2026-05-17 10:28:39,0.0,4809000.0,1
CUST-0251,Nam Vũ,Cá nhân,(03) 5048 8899,075 John Khu,Đà Nẵng,Phường 4,,,1999-10-20,2026-05-23 16:39:35,0.0,5254000.0,1
CUST-0252,Chị Thảo Vũ,Cá nhân,+84 96 9315727,4 Jane Ngõ,Đồng Nai,Phường 5,,,2006-10-27,2026-06-09 09:53:05,0.0,2722000.0,1
CUST-0253,Quang Bảo Bùi,Cá nhân,(01)390-6048,89 Jane Làng,Hà Nội,Phường 10,,,1996-03-01,2026-07-10 10:33:11,0.0,7416000.0,1
CUST-0254,Nhật Quang Phạm,Doanh nghiệp,04 6225179,6 Trần Số,Bình Dương,Phường 5,Lê và đối tác Tập Đoàn,0318870361,1995-11-08,2026-07-17 03:25:45,0.0,5108000.0,1
CUST-0255,Quý cô Hồng Hoàng,Doanh nghiệp,(08) 9833 1465,665 Phạm Tổ,Cần Thơ,Phường 1,Hoàng và Nguyễn Tập Đoàn,0312329187,1998-09-28,2025-11-30 11:33:13,0.0,4586000.0,1
CUST-0256,Trọng Mai Hoàng,Cá nhân,(07) 0335 2110,2 Nguyễn Tổ,Đà Nẵng,Phường 7,,,2005-05-09,2026-06-13 20:36:59,0.0,1979000.0,1
CUST-0257,Hạnh Dương,Cá nhân,00 5383388,7 John Số,Cần Thơ,Phường 24,,,2003-06-21,2026-06-26 18:30:19,0.0,8509000.0,1
CUST-0258,Thảo Lê,Doanh nghiệp,+84 43 9407016,5 John Khu,Hà Nội,Phường 25,Phạm và đối tác Công ty TNHH MTV,0315833542,2002-03-16,2026-05-14 01:52:48,0.0,1121000.0,1
CUST-0259,Thành Dương,Cá nhân,(09)812-3878,384 Dương Số,Đà Nẵng,Phường 4,,,2006-03-19,2026-05-27 17:27:20,0.0,10648000.0,1
CUST-0260,Linh Đặng,Cá nhân,04 3840 4608,256 John Số,TP. Hồ Chí Minh,Phường 14,,,2002-05-31,2026-07-05 10:28:34,0.0,5913000.0,1
CUST-0261,Quý cô Mai Hoàng,Doanh nghiệp,(06) 4957 8232,482 Lê Hẻm,Hà Nội,Phường 4,Trần và Mai Công ty Hợp danh,0319385742,2009-09-07,2025-12-30 06:50:29,0.0,1194000.0,1
CUST-0262,Bảo Đặng,Cá nhân,(02)056-6474,122 Jane Làng,Bình Dương,Phường 17,,,2003-09-12,2026-05-21 17:58:52,0.0,905000.0,1
CUST-0263,Cô Linh Trần,Cá nhân,+84-72-897 5267,233 Jane Đường,Bình Dương,Phường 5,,,2009-04-17,2026-02-11 23:36:51,0.0,1583000.0,1
CUST-0264,Lâm Hoàng Phạm,Cá nhân,+84 27 9757366,6 Bùi Đường,Hải Phòng,Phường 1,,,2002-05-30,,0.0,0.0,1
CUST-0265,Quý ông Hưng Phạm,Cá nhân,+84-86-086803,64 Dương Hẻm,TP. Hồ Chí Minh,Phường 19,,,2000-09-28,2026-07-03 00:25:45,0.0,7547000.0,1
CUST-0266,Yến Mai,Doanh nghiệp,(07) 7181 2982,57 John Dãy,TP. Hồ Chí Minh,Phường 22,Dương Trần Doanh nghiệp tư nhân,0312436363,1999-01-26,2026-05-16 09:30:38,0.0,2807000.0,1
CUST-0267,Cô Hà Trần,Cá nhân,+84-75-186 8926,259 John Hẻm,Hà Nội,Phường 17,,,1996-08-07,2026-04-02 13:04:14,0.0,5222000.0,1
CUST-0268,Hồng Vũ,Cá nhân,07 4212 3094,77 Jane Làng,Hải Phòng,Phường 16,,,1997-03-31,2026-06-08 01:50:14,0.0,3839000.0,1
CUST-0269,Quý ông Huy Dương,Cá nhân,+84 99 0384983,205 John Đường,Bình Dương,Phường 13,,,2004-11-24,2026-01-18 21:37:13,0.0,3459000.0,1
CUST-0270,Dũng Trần,Cá nhân,+84 16 2249998,95 John Khu,Đà Nẵng,Phường 24,,,1999-01-18,2026-03-10 07:37:45,0.0,3108000.0,1
CUST-0271,Hà Bảo Mai,Cá nhân,+84 47 2145868,3 John Ngõ,Đà Nẵng,Phường 3,,,2001-10-13,2025-12-05 00:24:54,0.0,2282000.0,1
CUST-0272,Huy Hoàng,Cá nhân,(05)489-9529,7 Lê Làng,TP. Hồ Chí Minh,Phường 24,,,2005-08-09,2026-02-27 20:51:31,0.0,3730000.0,1
CUST-0273,Cô Hương Nguyễn,Cá nhân,01 3966055,344 Jane Khu,Đồng Nai,Phường 19,,,2002-03-05,2026-05-13 01:33:34,0.0,2359000.0,1
CUST-0274,Nam Đức Đặng,Cá nhân,06 9902 3557,272 Mai Tổ,TP. Hồ Chí Minh,Phường 2,,,2001-06-03,2026-07-18 05:48:37,0.0,6681000.0,1
CUST-0275,Nhật Thị Mai,Cá nhân,09 5880 3955,405 Mai Hẻm,Cần Thơ,Phường 11,,,2003-04-08,2026-07-15 07:07:43,0.0,760000.0,1
CUST-0276,Bảo Đức Vũ,Cá nhân,+84-50-461 7357,842 Jane Đường,Đồng Nai,Phường 25,,,2006-10-13,2026-06-09 18:42:38,0.0,6873000.0,1
CUST-0277,Nhật Mai,Doanh nghiệp,+84 78 2357845,823 Jane Số,Bình Dương,Phường 16,Nguyễn Doanh nghiệp tư nhân,0314058117,2009-05-29,2026-06-12 23:45:51,0.0,3261000.0,1
CUST-0278,Thành Dương,Cá nhân,+84 18 4094353,48 Dương Ngõ,Hà Nội,Phường 23,,,1998-03-12,2026-07-24 12:14:20,0.0,8101000.0,1
CUST-0279,Bà Hà Nguyễn,Doanh nghiệp,+84-88-138585,493 John Khu,Hà Nội,Phường 10,Mai và Dương Công ty TNHH,0314382135,1995-10-09,2026-06-30 18:34:41,0.0,2601000.0,1
CUST-0280,Ông Tú Bùi,Cá nhân,+84 16 6299795,38 Jane Hẻm,Đồng Nai,Phường 7,,,1995-02-20,2026-05-17 13:30:33,0.0,4146000.0,1
CUST-0281,Ông Bảo Vũ,Cá nhân,+84-77-332 9456,5 Dương Dãy,Đà Nẵng,Phường 10,,,1994-01-27,2025-12-17 01:45:03,0.0,5935000.0,1
CUST-0282,Ông Quang Dương,Doanh nghiệp,02 4599281,1 Mai Ngõ,Đồng Nai,Phường 18,Mai và Dương Công ty TNHH MTV,0318942330,2003-08-07,2026-03-26 02:31:23,0.0,2710000.0,1
CUST-0283,Chị Vân Lê,Cá nhân,06 1539669,3 John Dãy,Hà Nội,Phường 25,,,1995-07-03,2026-04-24 06:58:10,0.0,4623000.0,1
CUST-0284,Bác Tùng Trần,Cá nhân,(07)246-1919,70 John Hẻm,Đà Nẵng,Phường 12,,,2008-08-23,2026-06-12 00:30:38,0.0,3639000.0,1
CUST-0285,Vi Lê,Cá nhân,+84-27-846 9973,5 Hoàng Khu,Đồng Nai,Phường 21,,,2009-03-04,2026-05-31 18:09:43,0.0,648000.0,1
CUST-0286,Nhật Phú Trần,Cá nhân,+84-09-862405,851 Nguyễn Làng,Đà Nẵng,Phường 4,,,2000-11-24,2026-06-07 06:43:17,0.0,1637000.0,1
CUST-0287,Hải Tấn Bùi,Cá nhân,06 6832723,62 Lê Hẻm,Hải Phòng,Phường 13,,,1993-10-04,2026-07-14 07:07:10,0.0,5756000.0,1
CUST-0288,Lan Dương,Doanh nghiệp,+84-62-126 7969,86 Bùi Tổ,Hải Phòng,Phường 11,Lê Bùi Công ty Hợp danh,0314134272,1993-09-08,2026-07-09 17:03:49,0.0,4781000.0,1
CUST-0289,Anh Minh Vũ,Doanh nghiệp,08 9500975,7 John Khu,Bình Dương,Phường 16,Mai và đối tác Công ty TNHH,0317163058,2002-06-16,2026-06-23 14:38:35,0.0,3596000.0,1
CUST-0290,Lâm Dương,Cá nhân,+84-18-949 0580,87 Bùi Tổ,Đồng Nai,Phường 3,,,2009-11-21,2026-07-07 08:53:55,0.0,1413000.0,1
CUST-0291,Khoa Lê,Doanh nghiệp,+84 94 9407929,4 Jane Dãy,Hà Nội,Phường 14,Lê Công ty Hợp danh,0314027557,1994-11-13,2026-06-01 05:51:04,0.0,6331000.0,1
CUST-0292,Anh Lê,Cá nhân,+84-44-401929,7 Lê Khu,Đà Nẵng,Phường 4,,,2006-11-11,2026-05-03 06:21:34,0.0,1154000.0,1
CUST-0293,Quý cô Lan Mai,Cá nhân,(00)512-9276,723 Nguyễn Khu,Đà Nẵng,Phường 22,,,2006-05-27,2026-03-05 12:32:58,0.0,9989000.0,1
CUST-0294,An Lê,Cá nhân,06 7478366,28 Nguyễn Khu,Đà Nẵng,Phường 15,,,2009-04-28,2025-11-19 10:18:22,0.0,2742000.0,1
CUST-0295,Quý ông Dũng Mai,Doanh nghiệp,+84-01-856 9454,496 Phạm Làng,TP. Hồ Chí Minh,Phường 23,Lê và Đặng Công ty Hợp danh,0318447546,1993-09-27,2026-07-20 00:56:56,0.0,7404000.0,1
CUST-0296,Ánh Trần,Cá nhân,+84 61 8175344,091 John Ngõ,Hải Phòng,Phường 2,,,2005-08-06,2026-03-01 07:08:09,0.0,3362000.0,1
CUST-0297,Hà Hoàng,Cá nhân,(06) 9212 4471,65 Lê Ngõ,Cần Thơ,Phường 14,,,1998-04-10,2026-05-19 14:18:22,0.0,3974000.0,1
CUST-0298,Hồng Bùi,Cá nhân,00 4427 1739,712 Phạm Ngõ,Bình Dương,Phường 2,,,2009-01-27,2026-03-25 11:16:53,0.0,3489000.0,1
CUST-0299,Tú Nguyễn,Cá nhân,+84 19 4707200,25 Hoàng Đường,Bình Dương,Phường 21,,,2002-04-28,2026-07-24 19:00:46,0.0,8375000.0,1
CUST-0300,Quý ông Huy Bùi,Doanh nghiệp,(01)830-6719,46 John Tổ,Đà Nẵng,Phường 17,Trần và Dương Tập Đoàn,0313684131,2006-08-04,2026-01-19 22:41:01,0.0,5387000.0,1
CUST-0301,Chị Vân Nguyễn,Cá nhân,03 4615717,030 Jane Số,TP. Hồ Chí Minh,Phường 20,,,1994-08-19,2026-04-21 16:39:25,0.0,1294000.0,1
CUST-0302,Châu Mai,Doanh nghiệp,(07)005-0506,878 John Ngõ,Hà Nội,Phường 5,Lê Công ty TNHH MTV,0312127988,2004-09-03,2026-04-15 23:08:48,0.0,1910000.0,1
CUST-0303,Ông Quang Lê,Cá nhân,+84 20 4179291,799 John Làng,Đồng Nai,Phường 21,,,2000-10-21,2026-06-14 22:01:59,0.0,2279000.0,1
CUST-0304,Thành Đức Hoàng,Cá nhân,+84-25-309251,26 Jane Hẻm,Đà Nẵng,Phường 13,,,2001-01-06,2025-12-02 03:57:42,0.0,2543000.0,1
CUST-0305,Lan Trần,Cá nhân,(09)620-7100,946 Lê Làng,Cần Thơ,Phường 5,,,1995-12-29,2025-11-18 13:06:00,0.0,2424000.0,1
CUST-0306,Minh Dương,Doanh nghiệp,03 2909279,4 Bùi Đường,Đà Nẵng,Phường 12,Phạm Trần Công ty Hợp danh,0318448065,2010-03-01,2026-05-30 07:15:02,0.0,1533000.0,1
CUST-0307,Tùng Hải Dương,Cá nhân,(03)403-1277,005 Phạm Số,Cần Thơ,Phường 5,,,1997-10-31,2026-05-26 01:10:36,0.0,3601000.0,1
CUST-0308,Ông Tú Nguyễn,Cá nhân,+84-22-078113,9 Bùi Làng,Hải Phòng,Phường 11,,,2006-04-05,2025-12-22 01:37:16,0.0,1767000.0,1
CUST-0309,Quang Đức Đặng,Cá nhân,(01) 3636 3179,623 Lê Số,TP. Hồ Chí Minh,Phường 4,,,1999-11-28,2025-10-26 19:21:33,0.0,2211000.0,1
CUST-0310,Anh Quang Vũ,Cá nhân,(05) 2090 4217,25 Jane Hẻm,Bình Dương,Phường 6,,,2006-12-25,2026-07-13 07:52:50,0.0,4802000.0,1
CUST-0311,Chị Hà Bùi,Doanh nghiệp,(08)739-7740,3 Jane Số,Cần Thơ,Phường 13,Hoàng Lê Công ty Hợp danh,0312975701,2008-10-30,2026-06-16 08:32:23,0.0,852000.0,1
CUST-0312,An Thị Dương,Cá nhân,+84-80-686 7177,806 John Tổ,Đồng Nai,Phường 9,,,1998-08-03,2026-06-26 13:21:03,0.0,1615000.0,1
CUST-0313,An Dương,Doanh nghiệp,+84-42-799 0772,570 Jane Tổ,TP. Hồ Chí Minh,Phường 20,Vũ Công ty TNHH MTV,0315791184,2006-05-11,2026-06-23 05:17:42,0.0,9278000.0,1
CUST-0314,Cô Duyên Đặng,Doanh nghiệp,+84-08-501 6579,52 John Hẻm,TP. Hồ Chí Minh,Phường 4,Phạm và Mai Công ty TNHH,0313277144,2004-08-04,2026-03-14 13:00:16,0.0,3628000.0,1
CUST-0315,Chị Linh Đặng,Cá nhân,08 6401 5577,88 Dương Tổ,Hải Phòng,Phường 6,,,2007-02-27,2026-04-12 15:12:10,0.0,3826000.0,1
CUST-0316,Lâm Dương,Doanh nghiệp,+84 16 2411241,23 Jane Số,Hà Nội,Phường 22,Dương Đặng Công ty TNHH MTV,0316361793,2001-02-07,2025-11-18 19:48:23,0.0,657000.0,1
CUST-0317,Thảo Phạm,Cá nhân,+84 03 8569557,49 Jane Hẻm,Bình Dương,Phường 3,,,2006-12-23,2026-06-05 21:25:49,0.0,3198000.0,1
CUST-0318,Quý cô Linh Vũ,Cá nhân,(00)254-7292,222 John Đường,Đà Nẵng,Phường 6,,,2010-06-15,2026-07-16 23:43:13,0.0,1513000.0,1
CUST-0319,Quý cô Hạnh Đặng,Cá nhân,(03) 8055 2578,4 John Số,Đồng Nai,Phường 12,,,2009-05-22,2026-05-07 21:39:55,0.0,549000.0,1
CUST-0320,Quý cô Thành Lê,Cá nhân,+84 88 5474929,17 John Ngõ,Hà Nội,Phường 7,,,1998-10-18,2026-05-16 02:09:06,0.0,2248000.0,1
CUST-0321,Khoa Hải Dương,Cá nhân,01 5093 9834,187 Jane Làng,TP. Hồ Chí Minh,Phường 16,,,2001-11-24,2026-07-01 02:42:21,0.0,5447000.0,1
CUST-0322,Xuân Đặng,Cá nhân,02 6565045,78 John Dãy,Đà Nẵng,Phường 18,,,2006-03-02,2026-05-22 20:53:03,0.0,4556000.0,1
CUST-0323,Nhật Thế Lê,Cá nhân,(06)629-9123,85 Jane Ngõ,Hải Phòng,Phường 18,,,1993-09-03,2026-04-22 11:23:57,0.0,4066000.0,1
CUST-0324,Huy Lê,Cá nhân,+84-79-232648,494 Mai Dãy,Cần Thơ,Phường 3,,,1997-05-18,2026-07-13 19:31:32,0.0,2910000.0,1
CUST-0325,Lan Vũ,Cá nhân,07 1462 7301,19 Hoàng Dãy,Đà Nẵng,Phường 13,,,2003-03-05,2026-03-16 07:08:09,0.0,3036000.0,1
CUST-0326,Châu Trần,Doanh nghiệp,08 9042 9025,2 Lê Đường,Cần Thơ,Phường 14,Đặng và Bùi Công ty Trách nhiệm hữu hạn,0317869154,2009-01-24,2026-05-13 04:27:24,0.0,3338000.0,1
CUST-0327,Hưng Thế Vũ,Cá nhân,+84-18-321928,44 Trần Tổ,TP. Hồ Chí Minh,Phường 11,,,2007-07-22,2026-02-25 23:30:00,0.0,4283000.0,1
CUST-0328,Lan Mai,Cá nhân,05 7652 1328,898 Jane Dãy,Hải Phòng,Phường 15,,,2009-02-17,2026-01-24 09:14:35,0.0,5555000.0,1
CUST-0329,Bảo Nguyễn,Cá nhân,05 4527985,4 John Làng,TP. Hồ Chí Minh,Phường 25,,,1995-10-01,2026-05-26 11:27:54,0.0,5935000.0,1
CUST-0330,Chị Hạnh Lê,Cá nhân,(02) 1611 0760,089 Jane Ngõ,Đồng Nai,Phường 5,,,2009-01-02,2026-01-05 11:00:21,0.0,3388000.0,1
CUST-0331,Hương Vũ,Doanh nghiệp,+84-01-193 9325,249 Đặng Hẻm,Cần Thơ,Phường 2,Mai Hoàng Công ty TNHH,0313083077,1995-03-31,2026-04-28 07:57:00,0.0,4313000.0,1
CUST-0332,Vân Phạm,Cá nhân,+84-34-280 1387,9 Jane Ngõ,Đà Nẵng,Phường 6,,,1996-08-19,2026-07-05 04:13:52,0.0,5625000.0,1
CUST-0333,Thành Bảo Phạm,Cá nhân,+84-36-151718,54 John Tổ,Đà Nẵng,Phường 23,,,2001-12-14,2026-04-22 23:48:50,0.0,5832000.0,1
CUST-0334,Hạnh Mai Hoàng,Cá nhân,+84-47-386 4631,5 John Dãy,Đà Nẵng,Phường 17,,,2004-12-26,2026-05-13 12:02:45,0.0,1377000.0,1
CUST-0335,Nhật Quang Trần,Cá nhân,(06) 6912 1535,6 John Số,Đồng Nai,Phường 3,,,2005-11-20,2026-03-16 21:53:10,0.0,3471000.0,1
CUST-0336,Nhiên Hoàng,Cá nhân,06 5796 7842,147 Phạm Hẻm,TP. Hồ Chí Minh,Phường 21,,,1994-01-24,2026-05-07 06:24:22,0.0,4133000.0,1
CUST-0337,Ánh Trần,Cá nhân,00 2695249,877 Jane Dãy,TP. Hồ Chí Minh,Phường 21,,,2001-11-22,2026-05-19 17:24:29,0.0,3791000.0,1
CUST-0338,Tùng Đặng,Cá nhân,(08)800-6167,77 John Hẻm,Cần Thơ,Phường 18,,,2003-01-09,2026-05-06 16:06:36,0.0,1891000.0,1
CUST-0339,Phúc Dương,Cá nhân,02 4671978,82 Jane Khu,Cần Thơ,Phường 21,,,2001-12-20,2026-07-22 03:55:45,0.0,5125000.0,1
CUST-0340,Khoa Phú Vũ,Cá nhân,00 0902 5590,16 Đặng Số,Cần Thơ,Phường 19,,,1999-07-14,,0.0,0.0,1
CUST-0341,Chị Mai Vũ,Cá nhân,+84-11-415208,769 Vũ Đường,TP. Hồ Chí Minh,Phường 22,,,2005-05-23,2026-05-16 17:53:11,0.0,2736000.0,1
CUST-0342,Linh Bùi,Cá nhân,+84-65-917135,5 Jane Tổ,Đồng Nai,Phường 19,,,2010-01-15,2026-01-21 14:38:09,0.0,1524000.0,1
CUST-0343,Quý cô Dương Trần,Cá nhân,(08)344-0496,1 Jane Khu,Đồng Nai,Phường 1,,,1994-09-14,2026-04-21 14:30:49,0.0,1047000.0,1
CUST-0344,Quý ông Trung Đặng,Cá nhân,(01)484-6853,49 Mai Hẻm,Hà Nội,Phường 21,,,2008-07-14,2026-05-04 03:09:31,0.0,3945000.0,1
CUST-0345,Quý cô Lâm Dương,Cá nhân,08 9690 8357,246 Đặng Ngõ,Bình Dương,Phường 7,,,2004-05-03,2026-06-08 17:48:39,0.0,2663000.0,1
CUST-0346,Hạnh Thế Lê,Doanh nghiệp,09 3631 2303,78 Bùi Đường,Cần Thơ,Phường 21,Lê Vũ Công ty Cổ phần,0311508113,1994-01-20,2026-07-04 05:02:14,0.0,5395000.0,1
CUST-0347,Tùng Lê,Doanh nghiệp,+84-07-001 5941,16 John Ngõ,Bình Dương,Phường 18,Mai Công ty Trách nhiệm hữu hạn,0315859883,2007-08-27,2026-04-02 09:00:31,0.0,3302000.0,1
CUST-0348,Châu Trần,Cá nhân,(09) 1559 6363,234 Bùi Khu,Hải Phòng,Phường 8,,,2008-03-24,2026-07-19 11:38:57,0.0,3720000.0,1
CUST-0349,Chi Mai,Doanh nghiệp,01 5867 3425,5 Nguyễn Đường,Đà Nẵng,Phường 15,Phạm Doanh nghiệp tư nhân,0312224284,2002-12-15,2026-04-29 07:00:00,0.0,1727000.0,1
CUST-0350,Quang Trần,Cá nhân,+84-37-606441,32 Đặng Số,TP. Hồ Chí Minh,Phường 15,,,2006-12-23,2025-11-09 17:30:23,0.0,1605000.0,1
