order_line_id,order_code,product_code,quantity,unit_price,discount_percent,discount_amount,line_total
1,DH000001,SKU-TEE-1115,2,227000.0,0.0,0.0,454000.0
2,DH000001,SKU-DIR-1044,1,443000.0,0.0,0.0,443000.0
3,DH000002,SKU-BAD-1074,2,487000.0,0.0,0.0,974000.0
4,DH000002,SKU-DIR-1014,2,715000.0,0.0,0.0,1430000.0
5,DH000003,SKU-TEE-1027,2,339000.0,0.0,0.0,678000.0
6,DH000003,SKU-THE-1068,2,496000.0,0.0,0.0,992000.0
7,DH000003,SKU-TEE-1107,1,179000.0,0.0,0.0,179000.0
8,DH000004,SKU-BAD-1058,2,430000.0,0.0,0.0,860000.0
9,DH000004,SKU-NOW-1100,2,229000.0,0.0,0.0,458000.0
10,DH000004,SKU-NOW-1025,1,438000.0,0.0,0.0,438000.0
11,DH000005,SKU-DIR-1006,1,416000.0,0.0,0.0,416000.0
12,DH000005,SKU-DIR-1028,2,536000.0,0.0,0.0,1072000.0
13,DH000006,SKU-COO-1086,2,365000.0,0.0,0.0,730000.0
14,DH000007,SKU-DIR-1106,2,353000.0,0.0,0.0,706000.0
15,DH000007,SKU-DIR-1007,1,631000.0,0.0,0.0,631000.0
16,DH000007,SKU-DIR-1065,2,426000.0,0.0,0.0,852000.0
17,DH000008,SKU-BAD-1058,1,430000.0,0.0,0.0,430000.0
18,DH000008,SKU-COO-1033,2,281000.0,0.0,0.0,562000.0
19,DH000008,SKU-THE-1075,2,503000.0,0.0,0.0,1006000.0
20,DH000009,SKU-DKM-1038,2,228000.0,0.0,0.0,456000.0
21,DH000009,SKU-TEE-1107,1,179000.0,0.0,0.0,179000.0
22,DH000009,SKU-TSU-1071,2,610000.0,0.0,0.0,1220000.0
23,DH000010,SKU-NOW-1050,1,245000.0,0.0,0.0,245000.0
24,DH000010,SKU-DIR-1082,1,382000.0,0.0,0.0,382000.0
25,DH000010,SKU-NOW-1073,2,216000.0,0.0,0.0,432000.0
26,DH000011,SKU-SWE-1114,1,615000.0,0.0,0.0,615000.0
27,DH000011,SKU-TEE-1040,1,172000.0,0.0,0.0,172000.0
28,DH000011,SKU-NOW-1073,1,216000.0,0.0,0.0,216000.0
29,DH000012,SKU-NOW-1100,2,229000.0,0.0,0.0,458000.0
30,DH000012,SKU-SWE-1019,2,423000.0,0.0,0.0,846000.0
31,DH000013,SKU-BAD-1090,2,475000.0,0.0,0.0,950000.0
32,DH000013,SKU-TEE-1003,1,244000.0,0.0,0.0,244000.0
33,DH000013,SKU-TSU-1072,2,352000.0,0.0,0.0,704000.0
34,DH000014,SKU-COO-1083,2,284000.0,0.0,0.0,568000.0
35,DH000015,SKU-DIR-1093,1,544000.0,0.0,0.0,544000.0
36,DH000015,SKU-TSU-1030,2,306000.0,0.0,0.0,612000.0
37,DH000015,SKU-TSU-1067,2,608000.0,0.0,0.0,1216000.0
38,DH000016,SKU-TEE-1115,1,227000.0,0.0,0.0,227000.0
39,DH000016,SKU-TSU-1072,2,352000.0,0.0,0.0,704000.0
40,DH000016,SKU-BAD-1097,1,438000.0,0.0,0.0,438000.0
41,DH000017,SKU-TEE-1116,2,270000.0,0.0,0.0,540000.0
42,DH000018,SKU-THE-1076,2,352000.0,0.0,0.0,704000.0
43,DH000018,SKU-NOW-1098,1,393000.0,0.0,0.0,393000.0
44,DH000019,SKU-TEE-1049,2,226000.0,0.0,0.0,452000.0
45,DH000019,SKU-BAD-1074,1,487000.0,0.0,0.0,487000.0
46,DH000019,SKU-DKM-1045,1,524000.0,0.0,0.0,524000.0
47,DH000020,SKU-BAD-1087,1,731000.0,0.0,0.0,731000.0
48,DH000021,SKU-COO-1033,1,281000.0,0.0,0.0,281000.0
49,DH000022,SKU-THE-1076,2,352000.0,0.0,0.0,704000.0
50,DH000023,SKU-TEE-1107,1,179000.0,0.0,0.0,179000.0
51,DH000024,SKU-COO-1086,2,365000.0,0.0,0.0,730000.0
52,DH000025,SKU-DIR-1008,1,432000.0,0.0,0.0,432000.0
53,DH000026,SKU-COO-1086,1,365000.0,0.0,0.0,365000.0
54,DH000027,SKU-NOW-1009,2,277000.0,0.0,0.0,554000.0
55,DH000028,SKU-DKM-1038,1,228000.0,0.0,0.0,228000.0
56,DH000029,SKU-BAD-1111,1,611000.0,0.0,0.0,611000.0
57,DH000030,SKU-SWE-1019,2,423000.0,0.0,0.0,846000.0
58,DH000030,SKU-DIR-1007,1,631000.0,0.0,0.0,631000.0
59,DH000030,SKU-NOW-1094,2,308000.0,0.0,0.0,616000.0
60,DH000031,SKU-BAD-1057,2,664000.0,0.0,0.0,1328000.0
61,DH000031,SKU-SWE-1077,2,418000.0,0.0,0.0,836000.0
62,DH000032,SKU-DIR-1093,2,544000.0,0.0,0.0,1088000.0
63,DH000033,SKU-TEE-1003,1,244000.0,0.0,0.0,244000.0
64,DH000033,SKU-TSU-1072,2,352000.0,0.0,0.0,704000.0
65,DH000034,SKU-COO-1021,1,112000.0,0.0,0.0,112000.0
66,DH000035,SKU-NOW-1025,1,438000.0,0.0,0.0,438000.0
67,DH000036,SKU-DIR-1120,2,510000.0,0.0,0.0,1020000.0
68,DH000037,SKU-THE-1118,1,434000.0,0.0,0.0,434000.0
69,DH000037,SKU-NOW-1052,2,425000.0,0.0,0.0,850000.0
70,DH000038,SKU-DIR-1109,1,341000.0,0.0,0.0,341000.0
71,DH000039,SKU-TEE-1049,1,226000.0,0.0,0.0,226000.0
72,DH000040,SKU-COO-1086,2,365000.0,0.0,0.0,730000.0
73,DH000040,SKU-COO-1041,2,371000.0,0.0,0.0,742000.0
74,DH000040,SKU-COO-1017,2,85000.0,0.0,0.0,170000.0
75,DH000041,SKU-TEE-1010,2,240000.0,0.0,0.0,480000.0
76,DH000041,SKU-TEE-1115,2,227000.0,0.0,0.0,454000.0
77,DH000042,SKU-SWE-1042,2,535000.0,0.0,0.0,1070000.0
78,DH000042,SKU-DIR-1007,2,631000.0,0.0,0.0,1262000.0
79,DH000042,SKU-SWE-1019,1,423000.0,0.0,0.0,423000.0
80,DH000043,SKU-TEE-1031,2,290000.0,0.0,0.0,580000.0
81,DH000044,SKU-DKM-1061,1,205000.0,0.0,0.0,205000.0
82,DH000044,SKU-BAD-1069,1,415000.0,0.0,0.0,415000.0
83,DH000045,SKU-TEE-1066,1,230000.0,0.0,0.0,230000.0
84,DH000045,SKU-TEE-1022,1,252000.0,0.0,0.0,252000.0
85,DH000045,SKU-THE-1118,1,434000.0,0.0,0.0,434000.0
86,DH000046,SKU-BAD-1069,1,415000.0,0.0,0.0,415000.0
87,DH000046,SKU-DIR-1106,1,353000.0,0.0,0.0,353000.0
88,DH000046,SKU-SWE-1024,2,753000.0,0.0,0.0,1506000.0
89,DH000047,SKU-TEE-1107,2,179000.0,0.0,0.0,358000.0
90,DH000047,SKU-THE-1063,1,472000.0,0.0,0.0,472000.0
91,DH000047,SKU-SWE-1101,2,757000.0,0.0,0.0,1514000.0
92,DH000048,SKU-BAD-1023,2,751000.0,0.0,0.0,1502000.0
93,DH000048,SKU-SWE-1070,2,718000.0,0.0,0.0,1436000.0
94,DH000048,SKU-TEE-1088,1,274000.0,0.0,0.0,274000.0
95,DH000049,SKU-TEE-1003,2,244000.0,0.0,0.0,488000.0
96,DH000049,SKU-BAD-1064,2,515000.0,0.0,0.0,1030000.0
97,DH000049,SKU-SWE-1101,1,757000.0,0.0,0.0,757000.0
98,DH000050,SKU-BAD-1111,1,611000.0,0.0,0.0,611000.0
99,DH000050,SKU-BAD-1064,2,515000.0,0.0,0.0,1030000.0
100,DH000051,SKU-DIR-1047,1,320000.0,0.0,0.0,320000.0
101,DH000052,SKU-DIR-1108,1,400000.0,0.0,0.0,400000.0
102,DH000052,SKU-TEE-1022,2,252000.0,0.0,0.0,504000.0
103,DH000052,SKU-SWE-1024,2,753000.0,0.0,0.0,1506000.0
104,DH000053,SKU-TEE-1112,1,339000.0,0.0,0.0,339000.0
105,DH000053,SKU-NOW-1085,2,210000.0,0.0,0.0,420000.0
106,DH000053,SKU-DIR-1047,2,320000.0,0.0,0.0,640000.0
107,DH000054,SKU-TEE-1020,1,190000.0,0.0,0.0,190000.0
108,DH000054,SKU-NOW-1094,1,308000.0,0.0,0.0,308000.0
109,DH000054,SKU-TEE-1010,1,240000.0,0.0,0.0,240000.0
110,DH000055,SKU-DIR-1006,2,416000.0,0.0,0.0,832000.0
111,DH000055,SKU-TSU-1072,1,352000.0,0.0,0.0,352000.0
112,DH000055,SKU-THE-1076,2,352000.0,0.0,0.0,704000.0
113,DH000056,SKU-TEE-1112,1,339000.0,0.0,0.0,339000.0
114,DH000056,SKU-TEE-1003,1,244000.0,0.0,0.0,244000.0
115,DH000056,SKU-COO-1021,2,112000.0,0.0,0.0,224000.0
116,DH000057,SKU-DIR-1108,2,400000.0,0.0,0.0,800000.0
117,DH000057,SKU-SWE-1070,2,718000.0,0.0,0.0,1436000.0
118,DH000057,SKU-COO-1056,1,275000.0,0.0,0.0,275000.0
119,DH000058,SKU-SWE-1011,2,375000.0,0.0,0.0,750000.0
120,DH000058,SKU-COO-1037,2,132000.0,0.0,0.0,264000.0
121,DH000058,SKU-DKM-1045,1,524000.0,0.0,0.0,524000.0
122,DH000059,SKU-TEE-1031,2,290000.0,0.0,0.0,580000.0
123,DH000060,SKU-NOW-1099,1,356000.0,0.0,0.0,356000.0
124,DH000060,SKU-NOW-1085,2,210000.0,0.0,0.0,420000.0
125,DH000060,SKU-SWE-1024,2,753000.0,0.0,0.0,1506000.0
126,DH000061,SKU-NOW-1081,2,420000.0,0.0,0.0,840000.0
127,DH000061,SKU-NOW-1085,2,210000.0,0.0,0.0,420000.0
128,DH000061,SKU-DIR-1060,2,655000.0,0.0,0.0,1310000.0
129,DH000062,SKU-BAD-1064,1,515000.0,0.0,0.0,515000.0
130,DH000062,SKU-TSU-1092,1,708000.0,0.0,0.0,708000.0
131,DH000062,SKU-DIR-1109,2,341000.0,0.0,0.0,682000.0
132,DH000063,SKU-TEE-1005,2,133000.0,0.0,0.0,266000.0
133,DH000063,SKU-DKM-1102,1,454000.0,0.0,0.0,454000.0
134,DH000063,SKU-COO-1083,2,284000.0,0.0,0.0,568000.0
135,DH000064,SKU-DIR-1007,2,631000.0,0.0,0.0,1262000.0
136,DH000064,SKU-BAD-1090,1,475000.0,0.0,0.0,475000.0
137,DH000065,SKU-NOW-1094,2,308000.0,0.0,0.0,616000.0
138,DH000065,SKU-DKM-1080,2,498000.0,0.0,0.0,996000.0
139,DH000066,SKU-TEE-1036,1,296000.0,0.0,0.0,296000.0
140,DH000067,SKU-DIR-1120,2,510000.0,0.0,0.0,1020000.0
141,DH000068,SKU-SWE-1046,2,566000.0,0.0,0.0,1132000.0
142,DH000069,SKU-BAD-1069,2,415000.0,0.0,0.0,830000.0
143,DH000069,SKU-DIR-1095,2,388000.0,0.0,0.0,776000.0
144,DH000069,SKU-BAD-1074,1,487000.0,0.0,0.0,487000.0
145,DH000070,SKU-NOW-1052,2,425000.0,0.0,0.0,850000.0
146,DH000070,SKU-TEE-1022,1,252000.0,0.0,0.0,252000.0
147,DH000071,SKU-DIR-1120,2,510000.0,0.0,0.0,1020000.0
148,DH000071,SKU-TEE-1062,2,326000.0,0.0,0.0,652000.0
149,DH000071,SKU-BAD-1023,1,751000.0,0.0,0.0,751000.0
150,DH000072,SKU-THE-1029,2,475000.0,0.0,0.0,950000.0
151,DH000072,SKU-DIR-1044,1,443000.0,0.0,0.0,443000.0
152,DH000072,SKU-THE-1068,1,496000.0,0.0,0.0,496000.0
153,DH000073,SKU-DIR-1047,2,320000.0,0.0,0.0,640000.0
154,DH000073,SKU-DIR-1004,2,419000.0,0.0,0.0,838000.0
155,DH000074,SKU-SWE-1042,2,535000.0,0.0,0.0,1070000.0
156,DH000074,SKU-BAD-1097,2,438000.0,0.0,0.0,876000.0
157,DH000074,SKU-THE-1063,1,472000.0,0.0,0.0,472000.0
158,DH000075,SKU-TEE-1115,1,227000.0,0.0,0.0,227000.0
159,DH000075,SKU-TEE-1066,1,230000.0,0.0,0.0,230000.0
160,DH000075,SKU-DIR-1106,2,353000.0,0.0,0.0,706000.0
161,DH000076,SKU-TSU-1067,2,608000.0,0.0,0.0,1216000.0
162,DH000077,SKU-DIR-1108,2,400000.0,0.0,0.0,800000.0
163,DH000078,SKU-DKM-1038,1,228000.0,0.0,0.0,228000.0
164,DH000078,SKU-TEE-1059,2,177000.0,0.0,0.0,354000.0
165,DH000079,SKU-BAD-1023,1,751000.0,0.0,0.0,751000.0
166,DH000079,SKU-DIR-1047,2,320000.0,0.0,0.0,640000.0
167,DH000079,SKU-DKM-1080,2,498000.0,0.0,0.0,996000.0
168,DH000080,SKU-DIR-1109,1,341000.0,0.0,0.0,341000.0
169,DH000080,SKU-COO-1041,1,371000.0,0.0,0.0,371000.0
170,DH000081,SKU-BAD-1111,1,611000.0,0.0,0.0,611000.0
171,DH000081,SKU-COO-1083,2,284000.0,0.0,0.0,568000.0
172,DH000081,SKU-SWE-1103,1,683000.0,0.0,0.0,683000.0
173,DH000082,SKU-NOW-1050,1,245000.0,0.0,0.0,245000.0
174,DH000082,SKU-COO-1079,2,368000.0,0.0,0.0,736000.0
175,DH000083,SKU-BAD-1001,2,447000.0,0.0,0.0,894000.0
176,DH000083,SKU-DIR-1035,1,555000.0,0.0,0.0,555000.0
177,DH000084,SKU-COO-1021,1,112000.0,0.0,0.0,112000.0
178,DH000084,SKU-SWE-1114,2,615000.0,0.0,0.0,1230000.0
179,DH000085,SKU-SWE-1042,2,535000.0,0.0,0.0,1070000.0
180,DH000086,SKU-BAD-1111,1,611000.0,0.0,0.0,611000.0
181,DH000086,SKU-TEE-1022,2,252000.0,0.0,0.0,504000.0
182,DH000087,SKU-NOW-1081,2,420000.0,0.0,0.0,840000.0
183,DH000087,SKU-DIR-1044,2,443000.0,0.0,0.0,886000.0
184,DH000087,SKU-NOW-1094,2,308000.0,0.0,0.0,616000.0
185,DH000088,SKU-COO-1079,1,368000.0,0.0,0.0,368000.0
186,DH000088,SKU-DIR-1117,1,397000.0,0.0,0.0,397000.0
187,DH000089,SKU-DIR-1113,1,595000.0,0.0,0.0,595000.0
188,DH000090,SKU-DIR-1082,1,382000.0,0.0,0.0,382000.0
189,DH000090,SKU-TSU-1030,1,306000.0,0.0,0.0,306000.0
190,DH000091,SKU-TEE-1112,1,339000.0,0.0,0.0,339000.0
191,DH000091,SKU-COO-1041,1,371000.0,0.0,0.0,371000.0
192,DH000092,SKU-TSU-1067,1,608000.0,0.0,0.0,608000.0
193,DH000093,SKU-THE-1013,2,387000.0,0.0,0.0,774000.0
194,DH000093,SKU-COO-1037,2,132000.0,0.0,0.0,264000.0
195,DH000093,SKU-TEE-1039,2,301000.0,0.0,0.0,602000.0
196,DH000094,SKU-BAD-1064,1,515000.0,0.0,0.0,515000.0
197,DH000095,SKU-DKM-1038,1,228000.0,0.0,0.0,228000.0
198,DH000095,SKU-COO-1083,1,284000.0,0.0,0.0,284000.0
199,DH000095,SKU-THE-1053,1,675000.0,0.0,0.0,675000.0
200,DH000096,SKU-COO-1037,1,132000.0,0.0,0.0,132000.0
201,DH000096,SKU-TEE-1027,1,339000.0,0.0,0.0,339000.0
202,DH000097,SKU-BAD-1018,1,494000.0,0.0,0.0,494000.0
203,DH000097,SKU-NOW-1025,1,438000.0,0.0,0.0,438000.0
204,DH000097,SKU-DIR-1108,1,400000.0,0.0,0.0,400000.0
205,DH000098,SKU-TEE-1040,1,172000.0,0.0,0.0,172000.0
206,DH000098,SKU-DKM-1080,2,498000.0,0.0,0.0,996000.0
207,DH000098,SKU-NOW-1012,1,355000.0,0.0,0.0,355000.0
208,DH000099,SKU-THE-1063,1,472000.0,0.0,0.0,472000.0
209,DH000099,SKU-COO-1021,2,112000.0,0.0,0.0,224000.0
210,DH000100,SKU-NOW-1052,1,425000.0,0.0,0.0,425000.0
211,DH000100,SKU-TSU-1067,2,608000.0,0.0,0.0,1216000.0
212,DH000101,SKU-DIR-1060,2,655000.0,0.0,0.0,1310000.0
213,DH000101,SKU-SWE-1042,2,535000.0,0.0,0.0,1070000.0
214,DH000102,SKU-TEE-1049,1,226000.0,0.0,0.0,226000.0
215,DH000103,SKU-NOW-1012,2,355000.0,0.0,0.0,710000.0
216,DH000103,SKU-TEE-1066,2,230000.0,0.0,0.0,460000.0
217,DH000103,SKU-BAD-1105,1,403000.0,0.0,0.0,403000.0
218,DH000104,SKU-BAD-1057,2,664000.0,0.0,0.0,1328000.0
219,DH000104,SKU-TEE-1016,1,220000.0,0.0,0.0,220000.0
220,DH000104,SKU-COO-1083,1,284000.0,0.0,0.0,284000.0
221,DH000105,SKU-SWE-1101,1,757000.0,0.0,0.0,757000.0
222,DH000105,SKU-TSU-1092,1,708000.0,0.0,0.0,708000.0
223,DH000106,SKU-BAD-1074,1,487000.0,0.0,0.0,487000.0
224,DH000107,SKU-NOW-1085,1,210000.0,0.0,0.0,210000.0
225,DH000107,SKU-TSU-1110,2,633000.0,0.0,0.0,1266000.0
226,DH000108,SKU-TEE-1115,1,227000.0,0.0,0.0,227000.0
227,DH000109,SKU-TSU-1110,1,633000.0,0.0,0.0,633000.0
228,DH000109,SKU-TEE-1115,2,227000.0,0.0,0.0,454000.0
229,DH000109,SKU-SWE-1070,2,718000.0,0.0,0.0,1436000.0
230,DH000110,SKU-COO-1083,2,284000.0,0.0,0.0,568000.0
231,DH000110,SKU-DIR-1060,1,655000.0,0.0,0.0,655000.0
232,DH000110,SKU-DIR-1095,1,388000.0,0.0,0.0,388000.0
233,DH000111,SKU-DKM-1043,2,592000.0,0.0,0.0,1184000.0
234,DH000111,SKU-TSU-1034,2,385000.0,0.0,0.0,770000.0
235,DH000111,SKU-BAD-1111,1,611000.0,0.0,0.0,611000.0
236,DH000112,SKU-SWE-1024,1,753000.0,0.0,0.0,753000.0
237,DH000113,SKU-TEE-1032,2,278000.0,0.0,0.0,556000.0
238,DH000113,SKU-COO-1086,2,365000.0,0.0,0.0,730000.0
239,DH000114,SKU-THE-1075,1,503000.0,0.0,0.0,503000.0
240,DH000115,SKU-DKM-1102,2,454000.0,0.0,0.0,908000.0
241,DH000116,SKU-NOW-1025,1,438000.0,0.0,0.0,438000.0
242,DH000116,SKU-BAD-1023,2,751000.0,0.0,0.0,1502000.0
243,DH000116,SKU-TEE-1005,2,133000.0,0.0,0.0,266000.0
244,DH000117,SKU-DIR-1065,2,426000.0,0.0,0.0,852000.0
245,DH000117,SKU-BAD-1111,2,611000.0,0.0,0.0,1222000.0
246,DH000117,SKU-NOW-1073,1,216000.0,0.0,0.0,216000.0
247,DH000118,SKU-TEE-1031,2,290000.0,0.0,0.0,580000.0
248,DH000119,SKU-TEE-1003,2,244000.0,0.0,0.0,488000.0
249,DH000120,SKU-SWE-1011,2,375000.0,0.0,0.0,750000.0
250,DH000120,SKU-BAD-1105,1,403000.0,0.0,0.0,403000.0
251,DH000120,SKU-BAD-1074,2,487000.0,0.0,0.0,974000.0
252,DH000121,SKU-TEE-1112,1,339000.0,0.0,0.0,339000.0
253,DH000122,SKU-THE-1076,1,352000.0,0.0,0.0,352000.0
254,DH000122,SKU-TSU-1096,1,405000.0,0.0,0.0,405000.0
255,DH000122,SKU-DKM-1045,2,524000.0,0.0,0.0,1048000.0
256,DH000123,SKU-COO-1079,1,368000.0,0.0,0.0,368000.0
257,DH000124,SKU-TEE-1027,2,339000.0,0.0,0.0,678000.0
258,DH000125,SKU-DIR-1007,1,631000.0,0.0,0.0,631000.0
259,DH000125,SKU-DIR-1082,1,382000.0,0.0,0.0,382000.0
260,DH000126,SKU-DIR-1119,2,693000.0,0.0,0.0,1386000.0
261,DH000126,SKU-BAD-1090,2,475000.0,0.0,0.0,950000.0
262,DH000126,SKU-TEE-1059,1,177000.0,0.0,0.0,177000.0
263,DH000127,SKU-TSU-1015,2,292000.0,0.0,0.0,584000.0
264,DH000128,SKU-TEE-1016,1,220000.0,0.0,0.0,220000.0
265,DH000129,SKU-TSU-1096,2,405000.0,0.0,0.0,810000.0
266,DH000129,SKU-DIR-1119,1,693000.0,0.0,0.0,693000.0
267,DH000129,SKU-THE-1068,1,496000.0,0.0,0.0,496000.0
268,DH000130,SKU-DKM-1038,1,228000.0,0.0,0.0,228000.0
269,DH000131,SKU-SWE-1002,2,401000.0,0.0,0.0,802000.0
270,DH000131,SKU-NOW-1085,2,210000.0,0.0,0.0,420000.0
271,DH000131,SKU-BAD-1023,1,751000.0,0.0,0.0,751000.0
272,DH000132,SKU-THE-1013,1,387000.0,0.0,0.0,387000.0
273,DH000133,SKU-THE-1068,2,496000.0,0.0,0.0,992000.0
274,DH000133,SKU-BAD-1018,1,494000.0,0.0,0.0,494000.0
275,DH000133,SKU-DIR-1119,2,693000.0,0.0,0.0,1386000.0
276,DH000134,SKU-COO-1017,1,85000.0,0.0,0.0,85000.0
277,DH000134,SKU-TEE-1003,2,244000.0,0.0,0.0,488000.0
278,DH000135,SKU-DIR-1095,1,388000.0,0.0,0.0,388000.0
279,DH000135,SKU-DKM-1084,2,625000.0,0.0,0.0,1250000.0
280,DH000135,SKU-BAD-1001,1,447000.0,0.0,0.0,447000.0
281,DH000136,SKU-TSU-1030,2,306000.0,0.0,0.0,612000.0
282,DH000137,SKU-DIR-1120,2,510000.0,0.0,0.0,1020000.0
283,DH000137,SKU-SWE-1046,2,566000.0,0.0,0.0,1132000.0
284,DH000138,SKU-DIR-1109,1,341000.0,0.0,0.0,341000.0
285,DH000139,SKU-SWE-1019,2,423000.0,0.0,0.0,846000.0
286,DH000140,SKU-COO-1021,2,112000.0,0.0,0.0,224000.0
287,DH000140,SKU-TEE-1062,2,326000.0,0.0,0.0,652000.0
288,DH000140,SKU-TSU-1030,1,306000.0,0.0,0.0,306000.0
289,DH000141,SKU-DIR-1093,2,544000.0,0.0,0.0,1088000.0
290,DH000141,SKU-SWE-1011,2,375000.0,0.0,0.0,750000.0
291,DH000142,SKU-COO-1017,2,85000.0,0.0,0.0,170000.0
292,DH000143,SKU-COO-1041,1,371000.0,0.0,0.0,371000.0
293,DH000143,SKU-TSU-1034,1,385000.0,0.0,0.0,385000.0
294,DH000144,SKU-TEE-1032,1,278000.0,0.0,0.0,278000.0
295,DH000145,SKU-BAD-1064,2,515000.0,0.0,0.0,1030000.0
296,DH000145,SKU-NOW-1073,2,216000.0,0.0,0.0,432000.0
297,DH000146,SKU-BAD-1057,2,664000.0,0.0,0.0,1328000.0
298,DH000146,SKU-THE-1076,2,352000.0,0.0,0.0,704000.0
299,DH000147,SKU-COO-1033,2,281000.0,0.0,0.0,562000.0
300,DH000148,SKU-COO-1056,1,275000.0,0.0,0.0,275000.0
301,DH000148,SKU-BAD-1001,1,447000.0,0.0,0.0,447000.0
302,DH000149,SKU-TEE-1016,1,220000.0,0.0,0.0,220000.0
303,DH000149,SKU-TEE-1005,2,133000.0,0.0,0.0,266000.0
304,DH000149,SKU-TEE-1027,1,339000.0,0.0,0.0,339000.0
305,DH000150,SKU-THE-1063,1,472000.0,0.0,0.0,472000.0
306,DH000151,SKU-THE-1013,2,387000.0,0.0,0.0,774000.0
307,DH000151,SKU-DIR-1104,2,605000.0,0.0,0.0,1210000.0
308,DH000151,SKU-NOW-1094,1,308000.0,0.0,0.0,308000.0
309,DH000152,SKU-DKM-1091,2,657000.0,0.0,0.0,1314000.0
310,DH000152,SKU-DIR-1008,1,432000.0,0.0,0.0,432000.0
311,DH000153,SKU-DIR-1014,1,715000.0,0.0,0.0,715000.0
312,DH000153,SKU-TEE-1032,2,278000.0,0.0,0.0,556000.0
313,DH000154,SKU-DIR-1047,2,320000.0,0.0,0.0,640000.0
314,DH000154,SKU-THE-1068,2,496000.0,0.0,0.0,992000.0
315,DH000155,SKU-TSU-1015,1,292000.0,0.0,0.0,292000.0
316,DH000156,SKU-DKM-1045,2,524000.0,0.0,0.0,1048000.0
317,DH000157,SKU-COO-1033,1,281000.0,0.0,0.0,281000.0
318,DH000157,SKU-BAD-1064,1,515000.0,0.0,0.0,515000.0
319,DH000157,SKU-DIR-1004,1,419000.0,0.0,0.0,419000.0
320,DH000158,SKU-NOW-1052,2,425000.0,0.0,0.0,850000.0
321,DH000158,SKU-COO-1021,2,112000.0,0.0,0.0,224000.0
322,DH000158,SKU-DIR-1106,2,353000.0,0.0,0.0,706000.0
323,DH000159,SKU-SWE-1046,1,566000.0,0.0,0.0,566000.0
324,DH000160,SKU-TSU-1110,1,633000.0,0.0,0.0,633000.0
325,DH000160,SKU-DKM-1061,1,205000.0,0.0,0.0,205000.0
326,DH000160,SKU-TEE-1003,2,244000.0,0.0,0.0,488000.0
327,DH000161,SKU-DKM-1043,1,592000.0,0.0,0.0,592000.0
328,DH000161,SKU-NOW-1081,1,420000.0,0.0,0.0,420000.0
329,DH000162,SKU-DIR-1060,2,655000.0,0.0,0.0,1310000.0
330,DH000162,SKU-TEE-1016,1,220000.0,0.0,0.0,220000.0
331,DH000162,SKU-DIR-1117,1,397000.0,0.0,0.0,397000.0
332,DH000163,SKU-NOW-1099,2,356000.0,0.0,0.0,712000.0
333,DH000163,SKU-TSU-1071,1,610000.0,0.0,0.0,610000.0
334,DH000163,SKU-NOW-1009,2,277000.0,0.0,0.0,554000.0
335,DH000164,SKU-SWE-1101,1,757000.0,0.0,0.0,757000.0
336,DH000164,SKU-BAD-1023,2,751000.0,0.0,0.0,1502000.0
337,DH000165,SKU-TEE-1039,2,301000.0,0.0,0.0,602000.0
338,DH000165,SKU-COO-1083,2,284000.0,0.0,0.0,568000.0
339,DH000165,SKU-TEE-1107,2,179000.0,0.0,0.0,358000.0
340,DH000166,SKU-DIR-1060,2,655000.0,0.0,0.0,1310000.0
341,DH000167,SKU-THE-1053,2,675000.0,0.0,0.0,1350000.0
342,DH000168,SKU-DIR-1007,2,631000.0,0.0,0.0,1262000.0
343,DH000168,SKU-THE-1063,2,472000.0,0.0,0.0,944000.0
344,DH000169,SKU-COO-1056,1,275000.0,0.0,0.0,275000.0
345,DH000169,SKU-SWE-1024,2,753000.0,0.0,0.0,1506000.0
346,DH000170,SKU-BAD-1058,1,430000.0,0.0,0.0,430000.0
347,DH000170,SKU-DIR-1104,2,605000.0,0.0,0.0,1210000.0
348,DH000170,SKU-SWE-1002,1,401000.0,0.0,0.0,401000.0
349,DH000171,SKU-DIR-1060,1,655000.0,0.0,0.0,655000.0
350,DH000172,SKU-NOW-1012,2,355000.0,0.0,0.0,710000.0
351,DH000173,SKU-SWE-1103,2,683000.0,0.0,0.0,1366000.0
352,DH000173,SKU-NOW-1085,1,210000.0,0.0,0.0,210000.0
353,DH000173,SKU-NOW-1081,1,420000.0,0.0,0.0,420000.0
354,DH000174,SKU-TEE-1115,1,227000.0,0.0,0.0,227000.0
355,DH000175,SKU-TEE-1066,1,230000.0,0.0,0.0,230000.0
356,DH000175,SKU-DIR-1004,2,419000.0,0.0,0.0,838000.0
357,DH000175,SKU-BAD-1105,2,403000.0,0.0,0.0,806000.0
358,DH000176,SKU-BAD-1058,2,430000.0,0.0,0.0,860000.0
359,DH000177,SKU-BAD-1057,2,664000.0,0.0,0.0,1328000.0
360,DH000177,SKU-DIR-1065,1,426000.0,0.0,0.0,426000.0
361,DH000177,SKU-TSU-1048,1,485000.0,0.0,0.0,485000.0
362,DH000178,SKU-DKM-1061,2,205000.0,0.0,0.0,410000.0
363,DH000178,SKU-COO-1041,1,371000.0,0.0,0.0,371000.0
364,DH000179,SKU-SWE-1077,1,418000.0,0.0,0.0,418000.0
365,DH000179,SKU-NOW-1052,1,425000.0,0.0,0.0,425000.0
366,DH000180,SKU-BAD-1105,1,403000.0,0.0,0.0,403000.0
367,DH000180,SKU-THE-1076,2,352000.0,0.0,0.0,704000.0
368,DH000180,SKU-DIR-1035,1,555000.0,0.0,0.0,555000.0
369,DH000181,SKU-COO-1086,2,365000.0,0.0,0.0,730000.0
370,DH000181,SKU-DIR-1120,1,510000.0,0.0,0.0,510000.0
371,DH000181,SKU-DIR-1109,2,341000.0,0.0,0.0,682000.0
372,DH000182,SKU-TEE-1016,1,220000.0,0.0,0.0,220000.0
373,DH000182,SKU-TSU-1034,2,385000.0,0.0,0.0,770000.0
374,DH000182,SKU-TEE-1116,1,270000.0,0.0,0.0,270000.0
375,DH000183,SKU-COO-1083,2,284000.0,0.0,0.0,568000.0
376,DH000183,SKU-TEE-1032,2,278000.0,0.0,0.0,556000.0
377,DH000183,SKU-BAD-1023,1,751000.0,0.0,0.0,751000.0
378,DH000184,SKU-NOW-1100,2,229000.0,0.0,0.0,458000.0
379,DH000185,SKU-DKM-1038,1,228000.0,0.0,0.0,228000.0
380,DH000186,SKU-TEE-1049,1,226000.0,0.0,0.0,226000.0
381,DH000186,SKU-NOW-1050,2,245000.0,0.0,0.0,490000.0
382,DH000186,SKU-SWE-1070,2,718000.0,0.0,0.0,1436000.0
383,DH000187,SKU-NOW-1009,2,277000.0,0.0,0.0,554000.0
384,DH000188,SKU-NOW-1050,1,245000.0,0.0,0.0,245000.0
385,DH000189,SKU-THE-1053,1,675000.0,0.0,0.0,675000.0
386,DH000189,SKU-TEE-1036,1,296000.0,0.0,0.0,296000.0
387,DH000189,SKU-SWE-1070,1,718000.0,0.0,0.0,718000.0
388,DH000190,SKU-DIR-1006,1,416000.0,0.0,0.0,416000.0
389,DH000190,SKU-DIR-1113,2,595000.0,0.0,0.0,1190000.0
390,DH000190,SKU-COO-1056,2,275000.0,0.0,0.0,550000.0
391,DH000191,SKU-BAD-1074,1,487000.0,0.0,0.0,487000.0
392,DH000191,SKU-NOW-1009,1,277000.0,0.0,0.0,277000.0
393,DH000191,SKU-BAD-1055,1,472000.0,0.0,0.0,472000.0
394,DH000192,SKU-TEE-1115,1,227000.0,0.0,0.0,227000.0
395,DH000192,SKU-BAD-1097,2,438000.0,0.0,0.0,876000.0
396,DH000192,SKU-DIR-1093,1,544000.0,0.0,0.0,544000.0
397,DH000193,SKU-DIR-1028,2,536000.0,0.0,0.0,1072000.0
398,DH000194,SKU-DIR-1006,2,416000.0,0.0,0.0,832000.0
399,DH000195,SKU-DKM-1043,1,592000.0,0.0,0.0,592000.0
400,DH000195,SKU-NOW-1100,1,229000.0,0.0,0.0,229000.0
401,DH000196,SKU-SWE-1019,1,423000.0,0.0,0.0,423000.0
402,DH000196,SKU-TSU-1034,1,385000.0,0.0,0.0,385000.0
403,DH000197,SKU-BAD-1090,2,475000.0,0.0,0.0,950000.0
404,DH000198,SKU-DIR-1109,2,341000.0,0.0,0.0,682000.0
405,DH000198,SKU-NOW-1009,2,277000.0,0.0,0.0,554000.0
406,DH000199,SKU-TSU-1034,1,385000.0,0.0,0.0,385000.0
407,DH000199,SKU-SWE-1077,1,418000.0,0.0,0.0,418000.0
408,DH000199,SKU-BAD-1069,2,415000.0,0.0,0.0,830000.0
409,DH000200,SKU-SWE-1011,2,375000.0,0.0,0.0,750000.0
410,DH000200,SKU-BAD-1057,2,664000.0,0.0,0.0,1328000.0
411,DH000201,SKU-DKM-1080,2,498000.0,0.0,0.0,996000.0
412,DH000201,SKU-SWE-1024,2,753000.0,0.0,0.0,1506000.0
413,DH000202,SKU-THE-1075,2,503000.0,0.0,0.0,1006000.0
414,DH000202,SKU-TEE-1051,2,201000.0,0.0,0.0,402000.0
415,DH000202,SKU-BAD-1090,2,475000.0,0.0,0.0,950000.0
416,DH000203,SKU-DIR-1044,2,443000.0,0.0,0.0,886000.0
417,DH000203,SKU-THE-1076,2,352000.0,0.0,0.0,704000.0
418,DH000204,SKU-BAD-1018,1,494000.0,0.0,0.0,494000.0
419,DH000204,SKU-DIR-1093,1,544000.0,0.0,0.0,544000.0
420,DH000204,SKU-SWE-1077,2,418000.0,0.0,0.0,836000.0
421,DH000205,SKU-DIR-1006,1,416000.0,0.0,0.0,416000.0
422,DH000205,SKU-DKM-1045,2,524000.0,0.0,0.0,1048000.0
423,DH000205,SKU-TSU-1015,1,292000.0,0.0,0.0,292000.0
424,DH000206,SKU-TEE-1107,2,179000.0,0.0,0.0,358000.0
425,DH000207,SKU-DKM-1091,1,657000.0,0.0,0.0,657000.0
426,DH000207,SKU-COO-1083,1,284000.0,0.0,0.0,284000.0
427,DH000208,SKU-SWE-1077,2,418000.0,0.0,0.0,836000.0
428,DH000208,SKU-DIR-1008,2,432000.0,0.0,0.0,864000.0
429,DH000209,SKU-TEE-1039,2,301000.0,0.0,0.0,602000.0
430,DH000210,SKU-TEE-1088,2,274000.0,0.0,0.0,548000.0
431,DH000210,SKU-BAD-1111,2,611000.0,0.0,0.0,1222000.0
432,DH000211,SKU-DKM-1102,2,454000.0,0.0,0.0,908000.0
433,DH000211,SKU-COO-1056,1,275000.0,0.0,0.0,275000.0
434,DH000212,SKU-THE-1063,2,472000.0,0.0,0.0,944000.0
435,DH000212,SKU-BAD-1097,2,438000.0,0.0,0.0,876000.0
436,DH000213,SKU-NOW-1099,1,356000.0,0.0,0.0,356000.0
437,DH000213,SKU-COO-1041,1,371000.0,0.0,0.0,371000.0
438,DH000214,SKU-TEE-1032,2,278000.0,0.0,0.0,556000.0
439,DH000215,SKU-TSU-1110,1,633000.0,0.0,0.0,633000.0
440,DH000216,SKU-DIR-1014,2,715000.0,0.0,0.0,1430000.0
441,DH000217,SKU-DIR-1119,1,693000.0,0.0,0.0,693000.0
442,DH000218,SKU-TSU-1110,1,633000.0,0.0,0.0,633000.0
443,DH000219,SKU-NOW-1098,2,393000.0,0.0,0.0,786000.0
444,DH000220,SKU-NOW-1052,2,425000.0,0.0,0.0,850000.0
445,DH000220,SKU-BAD-1018,1,494000.0,0.0,0.0,494000.0
446,DH000221,SKU-TEE-1036,1,296000.0,0.0,0.0,296000.0
447,DH000222,SKU-SWE-1103,2,683000.0,0.0,0.0,1366000.0
448,DH000222,SKU-TSU-1067,1,608000.0,0.0,0.0,608000.0
449,DH000222,SKU-DIR-1082,1,382000.0,0.0,0.0,382000.0
450,DH000223,SKU-TSU-1067,2,608000.0,0.0,0.0,1216000.0
451,DH000223,SKU-TEE-1051,1,201000.0,0.0,0.0,201000.0
452,DH000223,SKU-TEE-1062,1,326000.0,0.0,0.0,326000.0
453,DH000224,SKU-DIR-1120,1,510000.0,0.0,0.0,510000.0
454,DH000224,SKU-SWE-1101,2,757000.0,0.0,0.0,1514000.0
455,DH000225,SKU-TSU-1110,2,633000.0,0.0,0.0,1266000.0
456,DH000225,SKU-TEE-1022,1,252000.0,0.0,0.0,252000.0
457,DH000226,SKU-TEE-1027,2,339000.0,0.0,0.0,678000.0
458,DH000227,SKU-TSU-1030,2,306000.0,0.0,0.0,612000.0
459,DH000227,SKU-COO-1056,2,275000.0,0.0,0.0,550000.0
460,DH000228,SKU-TEE-1022,1,252000.0,0.0,0.0,252000.0
461,DH000228,SKU-TSU-1048,2,485000.0,0.0,0.0,970000.0
462,DH000228,SKU-TSU-1034,1,385000.0,0.0,0.0,385000.0
463,DH000229,SKU-SWE-1042,2,535000.0,0.0,0.0,1070000.0
464,DH000229,SKU-DIR-1113,2,595000.0,0.0,0.0,1190000.0
465,DH000229,SKU-COO-1033,1,281000.0,0.0,0.0,281000.0
466,DH000230,SKU-DKM-1084,2,625000.0,0.0,0.0,1250000.0
467,DH000230,SKU-TSU-1048,2,485000.0,0.0,0.0,970000.0
468,DH000231,SKU-TSU-1015,1,292000.0,0.0,0.0,292000.0
469,DH000232,SKU-NOW-1099,2,356000.0,0.0,0.0,712000.0
470,DH000232,SKU-BAD-1069,1,415000.0,0.0,0.0,415000.0
471,DH000233,SKU-TEE-1032,2,278000.0,0.0,0.0,556000.0
472,DH000234,SKU-TEE-1022,1,252000.0,0.0,0.0,252000.0
473,DH000234,SKU-DIR-1004,2,419000.0,0.0,0.0,838000.0
474,DH000235,SKU-TSU-1092,1,708000.0,0.0,0.0,708000.0
475,DH000235,SKU-SWE-1002,1,401000.0,0.0,0.0,401000.0
476,DH000236,SKU-DKM-1043,1,592000.0,0.0,0.0,592000.0
477,DH000236,SKU-TSU-1092,1,708000.0,0.0,0.0,708000.0
478,DH000237,SKU-DIR-1093,1,544000.0,0.0,0.0,544000.0
479,DH000237,SKU-SWE-1070,2,718000.0,0.0,0.0,1436000.0
480,DH000238,SKU-SWE-1002,1,401000.0,0.0,0.0,401000.0
481,DH000238,SKU-TEE-1005,1,133000.0,0.0,0.0,133000.0
482,DH000239,SKU-TEE-1116,2,270000.0,0.0,0.0,540000.0
483,DH000239,SKU-NOW-1009,2,277000.0,0.0,0.0,554000.0
484,DH000239,SKU-DIR-1108,1,400000.0,0.0,0.0,400000.0
485,DH000240,SKU-TSU-1034,1,385000.0,0.0,0.0,385000.0
486,DH000240,SKU-BAD-1055,1,472000.0,0.0,0.0,472000.0
487,DH000241,SKU-NOW-1078,1,415000.0,0.0,0.0,415000.0
488,DH000241,SKU-DKM-1080,2,498000.0,0.0,0.0,996000.0
489,DH000242,SKU-COO-1083,1,284000.0,0.0,0.0,284000.0
490,DH000243,SKU-DIR-1095,2,388000.0,0.0,0.0,776000.0
491,DH000243,SKU-NOW-1050,1,245000.0,0.0,0.0,245000.0
492,DH000243,SKU-SWE-1103,1,683000.0,0.0,0.0,683000.0
493,DH000244,SKU-DIR-1014,2,715000.0,0.0,0.0,1430000.0
494,DH000244,SKU-TEE-1036,1,296000.0,0.0,0.0,296000.0
495,DH000245,SKU-BAD-1111,2,611000.0,0.0,0.0,1222000.0
496,DH000246,SKU-TEE-1107,1,179000.0,0.0,0.0,179000.0
497,DH000247,SKU-NOW-1073,1,216000.0,0.0,0.0,216000.0
498,DH000248,SKU-TEE-1051,1,201000.0,0.0,0.0,201000.0
499,DH000249,SKU-BAD-1074,1,487000.0,0.0,0.0,487000.0
500,DH000249,SKU-TSU-1072,1,352000.0,0.0,0.0,352000.0
501,DH000249,SKU-DIR-1119,1,693000.0,0.0,0.0,693000.0
502,DH000250,SKU-SWE-1024,1,753000.0,0.0,0.0,753000.0
503,DH000251,SKU-TSU-1067,2,608000.0,0.0,0.0,1216000.0
504,DH000251,SKU-NOW-1050,2,245000.0,0.0,0.0,490000.0
505,DH000251,SKU-DIR-1060,1,655000.0,0.0,0.0,655000.0
506,DH000252,SKU-NOW-1050,1,245000.0,0.0,0.0,245000.0
507,DH000252,SKU-TEE-1016,2,220000.0,0.0,0.0,440000.0
508,DH000252,SKU-SWE-1002,1,401000.0,0.0,0.0,401000.0
509,DH000253,SKU-DIR-1008,1,432000.0,0.0,0.0,432000.0
510,DH000253,SKU-THE-1118,2,434000.0,0.0,0.0,868000.0
511,DH000254,SKU-TEE-1066,2,230000.0,0.0,0.0,460000.0
512,DH000254,SKU-BAD-1097,2,438000.0,0.0,0.0,876000.0
513,DH000254,SKU-DIR-1007,2,631000.0,0.0,0.0,1262000.0
514,DH000255,SKU-TEE-1040,2,172000.0,0.0,0.0,344000.0
515,DH000255,SKU-THE-1053,1,675000.0,0.0,0.0,675000.0
516,DH000256,SKU-TEE-1107,2,179000.0,0.0,0.0,358000.0
517,DH000256,SKU-BAD-1097,1,438000.0,0.0,0.0,438000.0
518,DH000257,SKU-TSU-1096,2,405000.0,0.0,0.0,810000.0
519,DH000257,SKU-THE-1076,2,352000.0,0.0,0.0,704000.0
520,DH000258,SKU-COO-1056,2,275000.0,0.0,0.0,550000.0
521,DH000258,SKU-TEE-1115,2,227000.0,0.0,0.0,454000.0
522,DH000259,SKU-TEE-1051,2,201000.0,0.0,0.0,402000.0
523,DH000259,SKU-THE-1118,1,434000.0,0.0,0.0,434000.0
524,DH000259,SKU-TSU-1048,1,485000.0,0.0,0.0,485000.0
525,DH000260,SKU-SWE-1042,2,535000.0,0.0,0.0,1070000.0
526,DH000260,SKU-THE-1013,2,387000.0,0.0,0.0,774000.0
527,DH000260,SKU-NOW-1052,1,425000.0,0.0,0.0,425000.0
528,DH000261,SKU-NOW-1098,2,393000.0,0.0,0.0,786000.0
529,DH000261,SKU-NOW-1025,1,438000.0,0.0,0.0,438000.0
530,DH000261,SKU-COO-1056,2,275000.0,0.0,0.0,550000.0
531,DH000262,SKU-NOW-1050,2,245000.0,0.0,0.0,490000.0
532,DH000263,SKU-TSU-1072,1,352000.0,0.0,0.0,352000.0
533,DH000263,SKU-TSU-1067,2,608000.0,0.0,0.0,1216000.0
534,DH000263,SKU-TEE-1115,2,227000.0,0.0,0.0,454000.0
535,DH000264,SKU-SWE-1103,2,683000.0,0.0,0.0,1366000.0
536,DH000264,SKU-THE-1076,1,352000.0,0.0,0.0,352000.0
537,DH000265,SKU-TEE-1059,1,177000.0,0.0,0.0,177000.0
538,DH000265,SKU-TEE-1115,1,227000.0,0.0,0.0,227000.0
539,DH000265,SKU-TEE-1049,1,226000.0,0.0,0.0,226000.0
540,DH000266,SKU-NOW-1098,1,393000.0,0.0,0.0,393000.0
541,DH000266,SKU-SWE-1046,2,566000.0,0.0,0.0,1132000.0
542,DH000266,SKU-TEE-1059,1,177000.0,0.0,0.0,177000.0
543,DH000267,SKU-TSU-1048,1,485000.0,0.0,0.0,485000.0
544,DH000267,SKU-DIR-1120,2,510000.0,0.0,0.0,1020000.0
545,DH000267,SKU-BAD-1018,2,494000.0,0.0,0.0,988000.0
546,DH000268,SKU-THE-1063,2,472000.0,0.0,0.0,944000.0
547,DH000268,SKU-TEE-1059,1,177000.0,0.0,0.0,177000.0
548,DH000269,SKU-NOW-1050,1,245000.0,0.0,0.0,245000.0
549,DH000269,SKU-NOW-1078,1,415000.0,0.0,0.0,415000.0
550,DH000270,SKU-NOW-1012,2,355000.0,0.0,0.0,710000.0
551,DH000270,SKU-NOW-1078,1,415000.0,0.0,0.0,415000.0
552,DH000271,SKU-NOW-1078,2,415000.0,0.0,0.0,830000.0
553,DH000272,SKU-DIR-1007,2,631000.0,0.0,0.0,1262000.0
554,DH000272,SKU-DIR-1104,2,605000.0,0.0,0.0,1210000.0
555,DH000273,SKU-DKM-1038,1,228000.0,0.0,0.0,228000.0
556,DH000273,SKU-TSU-1048,2,485000.0,0.0,0.0,970000.0
557,DH000273,SKU-THE-1063,2,472000.0,0.0,0.0,944000.0
558,DH000274,SKU-DIR-1109,2,341000.0,0.0,0.0,682000.0
559,DH000275,SKU-DIR-1007,2,631000.0,0.0,0.0,1262000.0
560,DH000275,SKU-NOW-1009,1,277000.0,0.0,0.0,277000.0
561,DH000275,SKU-NOW-1081,2,420000.0,0.0,0.0,840000.0
562,DH000276,SKU-DIR-1028,1,536000.0,0.0,0.0,536000.0
563,DH000277,SKU-COO-1079,2,368000.0,0.0,0.0,736000.0
564,DH000277,SKU-SWE-1042,1,535000.0,0.0,0.0,535000.0
565,DH000277,SKU-SWE-1114,1,615000.0,0.0,0.0,615000.0
566,DH000278,SKU-NOW-1089,2,313000.0,0.0,0.0,626000.0
567,DH000279,SKU-TEE-1010,2,240000.0,0.0,0.0,480000.0
568,DH000279,SKU-NOW-1050,1,245000.0,0.0,0.0,245000.0
569,DH000280,SKU-COO-1083,1,284000.0,0.0,0.0,284000.0
570,DH000280,SKU-BAD-1090,1,475000.0,0.0,0.0,475000.0
571,DH000280,SKU-BAD-1097,1,438000.0,0.0,0.0,438000.0
572,DH000281,SKU-SWE-1114,1,615000.0,0.0,0.0,615000.0
573,DH000281,SKU-DIR-1104,1,605000.0,0.0,0.0,605000.0
574,DH000282,SKU-DIR-1113,2,595000.0,0.0,0.0,1190000.0
575,DH000282,SKU-DIR-1006,1,416000.0,0.0,0.0,416000.0
576,DH000282,SKU-TSU-1096,2,405000.0,0.0,0.0,810000.0
577,DH000283,SKU-TEE-1005,2,133000.0,0.0,0.0,266000.0
578,DH000284,SKU-SWE-1002,2,401000.0,0.0,0.0,802000.0
579,DH000284,SKU-BAD-1001,1,447000.0,0.0,0.0,447000.0
580,DH000284,SKU-TEE-1062,2,326000.0,0.0,0.0,652000.0
581,DH000285,SKU-DIR-1104,1,605000.0,0.0,0.0,605000.0
582,DH000286,SKU-TSU-1072,2,352000.0,0.0,0.0,704000.0
583,DH000286,SKU-BAD-1074,2,487000.0,0.0,0.0,974000.0
584,DH000286,SKU-DIR-1028,1,536000.0,0.0,0.0,536000.0
585,DH000287,SKU-THE-1053,1,675000.0,0.0,0.0,675000.0
586,DH000288,SKU-NOW-1026,2,240000.0,0.0,0.0,480000.0
587,DH000288,SKU-DIR-1104,1,605000.0,0.0,0.0,605000.0
588,DH000289,SKU-TSU-1034,2,385000.0,0.0,0.0,770000.0
589,DH000290,SKU-TEE-1088,1,274000.0,0.0,0.0,274000.0
590,DH000291,SKU-DIR-1113,2,595000.0,0.0,0.0,1190000.0
591,DH000292,SKU-TEE-1112,1,339000.0,0.0,0.0,339000.0
592,DH000292,SKU-THE-1118,2,434000.0,0.0,0.0,868000.0
593,DH000293,SKU-COO-1056,2,275000.0,0.0,0.0,550000.0
594,DH000293,SKU-TEE-1005,2,133000.0,0.0,0.0,266000.0
595,DH000293,SKU-TSU-1096,1,405000.0,0.0,0.0,405000.0
596,DH000294,SKU-DIR-1120,1,510000.0,0.0,0.0,510000.0
597,DH000294,SKU-SWE-1070,2,718000.0,0.0,0.0,1436000.0
598,DH000295,SKU-THE-1118,2,434000.0,0.0,0.0,868000.0
599,DH000295,SKU-SWE-1103,2,683000.0,0.0,0.0,1366000.0
600,DH000296,SKU-DIR-1007,2,631000.0,0.0,0.0,1262000.0
601,DH000296,SKU-BAD-1058,2,430000.0,0.0,0.0,860000.0
602,DH000297,SKU-DKM-1043,2,592000.0,0.0,0.0,1184000.0
603,DH000297,SKU-SWE-1046,2,566000.0,0.0,0.0,1132000.0
604,DH000297,SKU-SWE-1011,1,375000.0,0.0,0.0,375000.0
605,DH000298,SKU-TEE-1005,2,133000.0,0.0,0.0,266000.0
606,DH000298,SKU-SWE-1070,2,718000.0,0.0,0.0,1436000.0
607,DH000298,SKU-DIR-1120,1,510000.0,0.0,0.0,510000.0
608,DH000299,SKU-DIR-1004,1,419000.0,0.0,0.0,419000.0
609,DH000299,SKU-COO-1086,1,365000.0,0.0,0.0,365000.0
610,DH000299,SKU-SWE-1077,1,418000.0,0.0,0.0,418000.0
611,DH000300,SKU-SWE-1077,1,418000.0,0.0,0.0,418000.0
612,DH000301,SKU-BAD-1057,1,664000.0,0.0,0.0,664000.0
613,DH000301,SKU-TEE-1088,1,274000.0,0.0,0.0,274000.0
614,DH000301,SKU-NOW-1050,1,245000.0,0.0,0.0,245000.0
615,DH000302,SKU-COO-1041,2,371000.0,0.0,0.0,742000.0
616,DH000303,SKU-COO-1086,1,365000.0,0.0,0.0,365000.0
617,DH000304,SKU-SWE-1046,1,566000.0,0.0,0.0,566000.0
618,DH000304,SKU-TEE-1112,1,339000.0,0.0,0.0,339000.0
619,DH000304,SKU-DIR-1008,2,432000.0,0.0,0.0,864000.0
620,DH000305,SKU-DIR-1028,1,536000.0,0.0,0.0,536000.0
621,DH000305,SKU-BAD-1111,2,611000.0,0.0,0.0,1222000.0
622,DH000306,SKU-DIR-1082,2,382000.0,0.0,0.0,764000.0
623,DH000306,SKU-SWE-1114,1,615000.0,0.0,0.0,615000.0
624,DH000307,SKU-NOW-1098,2,393000.0,0.0,0.0,786000.0
625,DH000308,SKU-DKM-1091,2,657000.0,0.0,0.0,1314000.0
626,DH000308,SKU-TSU-1096,1,405000.0,0.0,0.0,405000.0
627,DH000309,SKU-SWE-1002,2,401000.0,0.0,0.0,802000.0
628,DH000310,SKU-NOW-1099,1,356000.0,0.0,0.0,356000.0
629,DH000310,SKU-DIR-1093,1,544000.0,0.0,0.0,544000.0
630,DH000311,SKU-COO-1017,1,85000.0,0.0,0.0,85000.0
631,DH000311,SKU-TEE-1005,2,133000.0,0.0,0.0,266000.0
632,DH000312,SKU-TEE-1010,2,240000.0,0.0,0.0,480000.0
633,DH000313,SKU-DKM-1084,2,625000.0,0.0,0.0,1250000.0
634,DH000314,SKU-SWE-1046,1,566000.0,0.0,0.0,566000.0
635,DH000314,SKU-DKM-1045,2,524000.0,0.0,0.0,1048000.0
636,DH000314,SKU-NOW-1098,2,393000.0,0.0,0.0,786000.0
637,DH000315,SKU-TEE-1005,1,133000.0,0.0,0.0,133000.0
638,DH000316,SKU-TEE-1003,2,244000.0,0.0,0.0,488000.0
639,DH000316,SKU-TEE-1051,1,201000.0,0.0,0.0,201000.0
640,DH000316,SKU-BAD-1074,1,487000.0,0.0,0.0,487000.0
641,DH000317,SKU-TSU-1034,1,385000.0,0.0,0.0,385000.0
642,DH000317,SKU-DIR-1006,2,416000.0,0.0,0.0,832000.0
643,DH000318,SKU-SWE-1114,1,615000.0,0.0,0.0,615000.0
644,DH000318,SKU-DIR-1028,2,536000.0,0.0,0.0,1072000.0
645,DH000318,SKU-NOW-1085,2,210000.0,0.0,0.0,420000.0
646,DH000319,SKU-BAD-1001,2,447000.0,0.0,0.0,894000.0
647,DH000320,SKU-SWE-1042,1,535000.0,0.0,0.0,535000.0
648,DH000320,SKU-SWE-1002,1,401000.0,0.0,0.0,401000.0
649,DH000321,SKU-BAD-1064,1,515000.0,0.0,0.0,515000.0
650,DH000322,SKU-SWE-1024,1,753000.0,0.0,0.0,753000.0
651,DH000322,SKU-COO-1037,2,132000.0,0.0,0.0,264000.0
652,DH000323,SKU-SWE-1024,1,753000.0,0.0,0.0,753000.0
653,DH000323,SKU-NOW-1085,1,210000.0,0.0,0.0,210000.0
654,DH000323,SKU-BAD-1074,1,487000.0,0.0,0.0,487000.0
655,DH000324,SKU-SWE-1002,1,401000.0,0.0,0.0,401000.0
656,DH000325,SKU-DIR-1006,1,416000.0,0.0,0.0,416000.0
657,DH000325,SKU-SWE-1046,2,566000.0,0.0,0.0,1132000.0
658,DH000325,SKU-TEE-1032,2,278000.0,0.0,0.0,556000.0
659,DH000326,SKU-NOW-1050,2,245000.0,0.0,0.0,490000.0
660,DH000327,SKU-DIR-1119,2,693000.0,0.0,0.0,1386000.0
661,DH000327,SKU-BAD-1001,2,447000.0,0.0,0.0,894000.0
662,DH000327,SKU-COO-1037,2,132000.0,0.0,0.0,264000.0
663,DH000328,SKU-TSU-1110,1,633000.0,0.0,0.0,633000.0
664,DH000328,SKU-NOW-1073,1,216000.0,0.0,0.0,216000.0
665,DH000329,SKU-TEE-1022,1,252000.0,0.0,0.0,252000.0
666,DH000329,SKU-TEE-1051,1,201000.0,0.0,0.0,201000.0
667,DH000330,SKU-SWE-1114,1,615000.0,0.0,0.0,615000.0
668,DH000331,SKU-COO-1033,2,281000.0,0.0,0.0,562000.0
669,DH000332,SKU-DIR-1117,2,397000.0,0.0,0.0,794000.0
670,DH000333,SKU-THE-1029,1,475000.0,0.0,0.0,475000.0
671,DH000334,SKU-COO-1083,1,284000.0,0.0,0.0,284000.0
672,DH000335,SKU-BAD-1074,1,487000.0,0.0,0.0,487000.0
673,DH000335,SKU-DIR-1117,2,397000.0,0.0,0.0,794000.0
674,DH000335,SKU-THE-1063,1,472000.0,0.0,0.0,472000.0
675,DH000336,SKU-COO-1056,2,275000.0,0.0,0.0,550000.0
676,DH000336,SKU-DIR-1028,2,536000.0,0.0,0.0,1072000.0
677,DH000336,SKU-BAD-1069,1,415000.0,0.0,0.0,415000.0
678,DH000337,SKU-DKM-1061,1,205000.0,0.0,0.0,205000.0
679,DH000337,SKU-TEE-1022,2,252000.0,0.0,0.0,504000.0
680,DH000337,SKU-DKM-1091,1,657000.0,0.0,0.0,657000.0
681,DH000338,SKU-TEE-1062,1,326000.0,0.0,0.0,326000.0
682,DH000339,SKU-DIR-1117,1,397000.0,0.0,0.0,397000.0
683,DH000339,SKU-THE-1075,2,503000.0,0.0,0.0,1006000.0
684,DH000339,SKU-TEE-1062,2,326000.0,0.0,0.0,652000.0
685,DH000340,SKU-BAD-1018,2,494000.0,0.0,0.0,988000.0
686,DH000340,SKU-TEE-1022,1,252000.0,0.0,0.0,252000.0
687,DH000340,SKU-DIR-1093,1,544000.0,0.0,0.0,544000.0
688,DH000341,SKU-DKM-1038,1,228000.0,0.0,0.0,228000.0
689,DH000341,SKU-BAD-1069,1,415000.0,0.0,0.0,415000.0
690,DH000341,SKU-COO-1017,1,85000.0,0.0,0.0,85000.0
691,DH000342,SKU-THE-1063,1,472000.0,0.0,0.0,472000.0
692,DH000342,SKU-TEE-1036,1,296000.0,0.0,0.0,296000.0
693,DH000343,SKU-DIR-1047,1,320000.0,0.0,0.0,320000.0
694,DH000343,SKU-BAD-1074,1,487000.0,0.0,0.0,487000.0
695,DH000344,SKU-TEE-1005,1,133000.0,0.0,0.0,133000.0
696,DH000345,SKU-TSU-1110,1,633000.0,0.0,0.0,633000.0
697,DH000346,SKU-DIR-1109,1,341000.0,0.0,0.0,341000.0
698,DH000346,SKU-DIR-1120,1,510000.0,0.0,0.0,510000.0
699,DH000347,SKU-TEE-1116,1,270000.0,0.0,0.0,270000.0
700,DH000348,SKU-THE-1053,2,675000.0,0.0,0.0,1350000.0
701,DH000349,SKU-TSU-1092,1,708000.0,0.0,0.0,708000.0
702,DH000349,SKU-DKM-1102,2,454000.0,0.0,0.0,908000.0
703,DH000350,SKU-THE-1013,1,387000.0,0.0,0.0,387000.0
704,DH000350,SKU-COO-1079,1,368000.0,0.0,0.0,368000.0
705,DH000350,SKU-BAD-1069,1,415000.0,0.0,0.0,415000.0
706,DH000351,SKU-TEE-1088,1,274000.0,0.0,0.0,274000.0
707,DH000351,SKU-SWE-1114,2,615000.0,0.0,0.0,1230000.0
708,DH000352,SKU-THE-1075,1,503000.0,0.0,0.0,503000.0
709,DH000353,SKU-SWE-1070,1,718000.0,0.0,0.0,718000.0
710,DH000353,SKU-DIR-1106,2,353000.0,0.0,0.0,706000.0
711,DH000353,SKU-TEE-1036,2,296000.0,0.0,0.0,592000.0
712,DH000354,SKU-TEE-1016,2,220000.0,0.0,0.0,440000.0
713,DH000355,SKU-NOW-1052,2,425000.0,0.0,0.0,850000.0
714,DH000355,SKU-TSU-1072,2,352000.0,0.0,0.0,704000.0
715,DH000356,SKU-TSU-1030,2,306000.0,0.0,0.0,612000.0
716,DH000356,SKU-BAD-1090,1,475000.0,0.0,0.0,475000.0
717,DH000357,SKU-DIR-1047,2,320000.0,0.0,0.0,640000.0
718,DH000357,SKU-DIR-1008,2,432000.0,0.0,0.0,864000.0
719,DH000358,SKU-COO-1056,1,275000.0,0.0,0.0,275000.0
720,DH000358,SKU-TEE-1051,2,201000.0,0.0,0.0,402000.0
721,DH000359,SKU-DIR-1054,2,349000.0,0.0,0.0,698000.0
722,DH000359,SKU-DKM-1045,2,524000.0,0.0,0.0,1048000.0
723,DH000359,SKU-SWE-1002,1,401000.0,0.0,0.0,401000.0
724,DH000360,SKU-BAD-1018,1,494000.0,0.0,0.0,494000.0
725,DH000360,SKU-COO-1056,1,275000.0,0.0,0.0,275000.0
726,DH000361,SKU-COO-1086,2,365000.0,0.0,0.0,730000.0
727,DH000361,SKU-BAD-1018,2,494000.0,0.0,0.0,988000.0
728,DH000362,SKU-TEE-1066,1,230000.0,0.0,0.0,230000.0
729,DH000362,SKU-DIR-1109,2,341000.0,0.0,0.0,682000.0
730,DH000362,SKU-DIR-1082,1,382000.0,0.0,0.0,382000.0
731,DH000363,SKU-TEE-1040,1,172000.0,0.0,0.0,172000.0
732,DH000363,SKU-DIR-1117,2,397000.0,0.0,0.0,794000.0
733,DH000363,SKU-DIR-1106,2,353000.0,0.0,0.0,706000.0
734,DH000364,SKU-SWE-1114,1,615000.0,0.0,0.0,615000.0
735,DH000365,SKU-DIR-1008,1,432000.0,0.0,0.0,432000.0
736,DH000365,SKU-DIR-1047,1,320000.0,0.0,0.0,320000.0
737,DH000365,SKU-BAD-1069,1,415000.0,0.0,0.0,415000.0
738,DH000366,SKU-TEE-1031,2,290000.0,0.0,0.0,580000.0
739,DH000366,SKU-TEE-1010,2,240000.0,0.0,0.0,480000.0
740,DH000366,SKU-SWE-1011,2,375000.0,0.0,0.0,750000.0
741,DH000367,SKU-BAD-1111,2,611000.0,0.0,0.0,1222000.0
742,DH000367,SKU-DIR-1060,2,655000.0,0.0,0.0,1310000.0
743,DH000368,SKU-THE-1076,2,352000.0,0.0,0.0,704000.0
744,DH000368,SKU-TSU-1092,2,708000.0,0.0,0.0,1416000.0
745,DH000369,SKU-NOW-1073,2,216000.0,0.0,0.0,432000.0
746,DH000369,SKU-DKM-1061,2,205000.0,0.0,0.0,410000.0
747,DH000370,SKU-COO-1056,1,275000.0,0.0,0.0,275000.0
748,DH000371,SKU-COO-1037,1,132000.0,0.0,0.0,132000.0
749,DH000371,SKU-TSU-1048,1,485000.0,0.0,0.0,485000.0
750,DH000372,SKU-NOW-1012,1,355000.0,0.0,0.0,355000.0
751,DH000372,SKU-BAD-1105,2,403000.0,0.0,0.0,806000.0
752,DH000372,SKU-DIR-1044,1,443000.0,0.0,0.0,443000.0
753,DH000373,SKU-TEE-1039,2,301000.0,0.0,0.0,602000.0
754,DH000373,SKU-DIR-1109,1,341000.0,0.0,0.0,341000.0
755,DH000374,SKU-BAD-1018,2,494000.0,0.0,0.0,988000.0
756,DH000374,SKU-TEE-1031,1,290000.0,0.0,0.0,290000.0
757,DH000375,SKU-DIR-1007,2,631000.0,0.0,0.0,1262000.0
758,DH000375,SKU-COO-1086,1,365000.0,0.0,0.0,365000.0
759,DH000376,SKU-NOW-1100,2,229000.0,0.0,0.0,458000.0
760,DH000376,SKU-COO-1041,1,371000.0,0.0,0.0,371000.0
761,DH000377,SKU-NOW-1085,2,210000.0,0.0,0.0,420000.0
762,DH000378,SKU-BAD-1069,1,415000.0,0.0,0.0,415000.0
763,DH000379,SKU-SWE-1019,1,423000.0,0.0,0.0,423000.0
764,DH000380,SKU-THE-1118,2,434000.0,0.0,0.0,868000.0
765,DH000381,SKU-TEE-1036,1,296000.0,0.0,0.0,296000.0
766,DH000381,SKU-DIR-1095,2,388000.0,0.0,0.0,776000.0
767,DH000381,SKU-TEE-1115,2,227000.0,0.0,0.0,454000.0
768,DH000382,SKU-TSU-1015,2,292000.0,0.0,0.0,584000.0
769,DH000383,SKU-THE-1068,2,496000.0,0.0,0.0,992000.0
770,DH000383,SKU-THE-1053,1,675000.0,0.0,0.0,675000.0
771,DH000383,SKU-DKM-1102,1,454000.0,0.0,0.0,454000.0
772,DH000384,SKU-COO-1056,2,275000.0,0.0,0.0,550000.0
773,DH000384,SKU-NOW-1052,2,425000.0,0.0,0.0,850000.0
774,DH000384,SKU-TEE-1088,1,274000.0,0.0,0.0,274000.0
775,DH000385,SKU-DIR-1117,1,397000.0,0.0,0.0,397000.0
776,DH000385,SKU-DIR-1008,2,432000.0,0.0,0.0,864000.0
777,DH000386,SKU-DIR-1119,2,693000.0,0.0,0.0,1386000.0
778,DH000387,SKU-DIR-1004,1,419000.0,0.0,0.0,419000.0
779,DH000388,SKU-TEE-1040,1,172000.0,0.0,0.0,172000.0
780,DH000389,SKU-BAD-1055,1,472000.0,0.0,0.0,472000.0
781,DH000390,SKU-NOW-1098,2,393000.0,0.0,0.0,786000.0
782,DH000391,SKU-TEE-1022,1,252000.0,0.0,0.0,252000.0
783,DH000391,SKU-DIR-1117,1,397000.0,0.0,0.0,397000.0
784,DH000392,SKU-DKM-1091,2,657000.0,0.0,0.0,1314000.0
785,DH000392,SKU-TEE-1020,1,190000.0,0.0,0.0,190000.0
786,DH000393,SKU-DIR-1093,2,544000.0,0.0,0.0,1088000.0
787,DH000393,SKU-NOW-1081,1,420000.0,0.0,0.0,420000.0
788,DH000393,SKU-TSU-1110,2,633000.0,0.0,0.0,1266000.0
789,DH000394,SKU-TEE-1088,1,274000.0,0.0,0.0,274000.0
790,DH000394,SKU-DIR-1028,1,536000.0,0.0,0.0,536000.0
791,DH000394,SKU-DIR-1117,1,397000.0,0.0,0.0,397000.0
792,DH000395,SKU-BAD-1090,1,475000.0,0.0,0.0,475000.0
793,DH000396,SKU-COO-1037,2,132000.0,0.0,0.0,264000.0
794,DH000397,SKU-THE-1029,1,475000.0,0.0,0.0,475000.0
795,DH000397,SKU-COO-1017,2,85000.0,0.0,0.0,170000.0
796,DH000398,SKU-DKM-1061,2,205000.0,0.0,0.0,410000.0
797,DH000399,SKU-TEE-1066,1,230000.0,0.0,0.0,230000.0
798,DH000400,SKU-DIR-1104,1,605000.0,0.0,0.0,605000.0
799,DH000400,SKU-COO-1021,2,112000.0,0.0,0.0,224000.0
800,DH000400,SKU-TEE-1107,1,179000.0,0.0,0.0,179000.0
801,DH000401,SKU-TEE-1051,1,201000.0,0.0,0.0,201000.0
802,DH000402,SKU-BAD-1087,1,731000.0,0.0,0.0,731000.0
803,DH000402,SKU-TSU-1072,1,352000.0,0.0,0.0,352000.0
804,DH000402,SKU-NOW-1081,2,420000.0,0.0,0.0,840000.0
805,DH000403,SKU-BAD-1111,2,611000.0,0.0,0.0,1222000.0
806,DH000403,SKU-TSU-1034,2,385000.0,0.0,0.0,770000.0
807,DH000403,SKU-NOW-1100,1,229000.0,0.0,0.0,229000.0
808,DH000404,SKU-SWE-1019,1,423000.0,0.0,0.0,423000.0
809,DH000405,SKU-THE-1118,1,434000.0,0.0,0.0,434000.0
810,DH000406,SKU-TEE-1020,1,190000.0,0.0,0.0,190000.0
811,DH000406,SKU-DKM-1045,1,524000.0,0.0,0.0,524000.0
812,DH000407,SKU-TEE-1049,1,226000.0,0.0,0.0,226000.0
813,DH000408,SKU-DIR-1007,1,631000.0,0.0,0.0,631000.0
814,DH000408,SKU-TEE-1116,2,270000.0,0.0,0.0,540000.0
815,DH000408,SKU-NOW-1050,1,245000.0,0.0,0.0,245000.0
816,DH000409,SKU-TEE-1051,2,201000.0,0.0,0.0,402000.0
817,DH000409,SKU-TEE-1088,2,274000.0,0.0,0.0,548000.0
818,DH000410,SKU-COO-1041,2,371000.0,0.0,0.0,742000.0
819,DH000410,SKU-TSU-1030,1,306000.0,0.0,0.0,306000.0
820,DH000410,SKU-TSU-1110,2,633000.0,0.0,0.0,1266000.0
821,DH000411,SKU-NOW-1100,2,229000.0,0.0,0.0,458000.0
822,DH000412,SKU-SWE-1101,2,757000.0,0.0,0.0,1514000.0
823,DH000412,SKU-COO-1037,1,132000.0,0.0,0.0,132000.0
824,DH000412,SKU-NOW-1085,2,210000.0,0.0,0.0,420000.0
825,DH000413,SKU-NOW-1094,2,308000.0,0.0,0.0,616000.0
826,DH000413,SKU-TEE-1036,1,296000.0,0.0,0.0,296000.0
827,DH000414,SKU-DIR-1120,1,510000.0,0.0,0.0,510000.0
828,DH000415,SKU-TEE-1010,2,240000.0,0.0,0.0,480000.0
829,DH000416,SKU-DIR-1120,2,510000.0,0.0,0.0,1020000.0
830,DH000416,SKU-COO-1086,1,365000.0,0.0,0.0,365000.0
831,DH000416,SKU-NOW-1012,2,355000.0,0.0,0.0,710000.0
832,DH000417,SKU-DIR-1008,2,432000.0,0.0,0.0,864000.0
833,DH000418,SKU-COO-1056,1,275000.0,0.0,0.0,275000.0
834,DH000419,SKU-BAD-1018,1,494000.0,0.0,0.0,494000.0
835,DH000420,SKU-TEE-1032,2,278000.0,0.0,0.0,556000.0
836,DH000420,SKU-BAD-1097,2,438000.0,0.0,0.0,876000.0
837,DH000420,SKU-TSU-1092,2,708000.0,0.0,0.0,1416000.0
838,DH000421,SKU-TEE-1005,2,133000.0,0.0,0.0,266000.0
839,DH000421,SKU-NOW-1073,1,216000.0,0.0,0.0,216000.0
840,DH000422,SKU-TSU-1030,1,306000.0,0.0,0.0,306000.0
841,DH000422,SKU-SWE-1011,1,375000.0,0.0,0.0,375000.0
842,DH000423,SKU-DIR-1044,2,443000.0,0.0,0.0,886000.0
843,DH000423,SKU-BAD-1090,2,475000.0,0.0,0.0,950000.0
844,DH000424,SKU-TEE-1088,2,274000.0,0.0,0.0,548000.0
845,DH000424,SKU-BAD-1074,1,487000.0,0.0,0.0,487000.0
846,DH000424,SKU-TEE-1116,1,270000.0,0.0,0.0,270000.0
847,DH000425,SKU-TEE-1040,1,172000.0,0.0,0.0,172000.0
848,DH000425,SKU-NOW-1025,2,438000.0,0.0,0.0,876000.0
849,DH000426,SKU-COO-1021,1,112000.0,0.0,0.0,112000.0
850,DH000427,SKU-THE-1063,2,472000.0,0.0,0.0,944000.0
851,DH000427,SKU-DIR-1104,2,605000.0,0.0,0.0,1210000.0
852,DH000428,SKU-TEE-1062,1,326000.0,0.0,0.0,326000.0
853,DH000428,SKU-BAD-1001,1,447000.0,0.0,0.0,447000.0
854,DH000429,SKU-TEE-1040,2,172000.0,0.0,0.0,344000.0
855,DH000429,SKU-SWE-1070,2,718000.0,0.0,0.0,1436000.0
856,DH000430,SKU-BAD-1058,1,430000.0,0.0,0.0,430000.0
857,DH000430,SKU-DIR-1119,2,693000.0,0.0,0.0,1386000.0
858,DH000430,SKU-TEE-1040,1,172000.0,0.0,0.0,172000.0
859,DH000431,SKU-TSU-1110,1,633000.0,0.0,0.0,633000.0
860,DH000431,SKU-DKM-1043,1,592000.0,0.0,0.0,592000.0
861,DH000432,SKU-THE-1029,1,475000.0,0.0,0.0,475000.0
862,DH000432,SKU-DKM-1061,2,205000.0,0.0,0.0,410000.0
863,DH000432,SKU-NOW-1026,2,240000.0,0.0,0.0,480000.0
864,DH000433,SKU-BAD-1057,1,664000.0,0.0,0.0,664000.0
865,DH000433,SKU-SWE-1011,2,375000.0,0.0,0.0,750000.0
866,DH000434,SKU-SWE-1042,1,535000.0,0.0,0.0,535000.0
867,DH000435,SKU-SWE-1002,2,401000.0,0.0,0.0,802000.0
868,DH000435,SKU-BAD-1023,1,751000.0,0.0,0.0,751000.0
869,DH000435,SKU-TSU-1048,1,485000.0,0.0,0.0,485000.0
870,DH000436,SKU-TEE-1027,1,339000.0,0.0,0.0,339000.0
871,DH000436,SKU-BAD-1055,1,472000.0,0.0,0.0,472000.0
872,DH000436,SKU-TEE-1039,2,301000.0,0.0,0.0,602000.0
873,DH000437,SKU-TEE-1051,2,201000.0,0.0,0.0,402000.0
874,DH000437,SKU-DKM-1045,2,524000.0,0.0,0.0,1048000.0
875,DH000437,SKU-DIR-1119,2,693000.0,0.0,0.0,1386000.0
876,DH000438,SKU-TSU-1096,2,405000.0,0.0,0.0,810000.0
877,DH000438,SKU-THE-1029,2,475000.0,0.0,0.0,950000.0
878,DH000439,SKU-NOW-1073,1,216000.0,0.0,0.0,216000.0
879,DH000439,SKU-DIR-1119,1,693000.0,0.0,0.0,693000.0
880,DH000440,SKU-THE-1029,2,475000.0,0.0,0.0,950000.0
881,DH000440,SKU-BAD-1074,2,487000.0,0.0,0.0,974000.0
882,DH000441,SKU-THE-1029,1,475000.0,0.0,0.0,475000.0
883,DH000442,SKU-NOW-1078,2,415000.0,0.0,0.0,830000.0
884,DH000443,SKU-TEE-1032,1,278000.0,0.0,0.0,278000.0
885,DH000444,SKU-DIR-1008,1,432000.0,0.0,0.0,432000.0
886,DH000445,SKU-SWE-1042,2,535000.0,0.0,0.0,1070000.0
887,DH000445,SKU-TEE-1039,1,301000.0,0.0,0.0,301000.0
888,DH000446,SKU-DIR-1044,1,443000.0,0.0,0.0,443000.0
889,DH000446,SKU-DKM-1061,1,205000.0,0.0,0.0,205000.0
890,DH000447,SKU-TEE-1036,2,296000.0,0.0,0.0,592000.0
891,DH000447,SKU-NOW-1073,2,216000.0,0.0,0.0,432000.0
892,DH000448,SKU-DIR-1007,1,631000.0,0.0,0.0,631000.0
893,DH000448,SKU-DIR-1106,2,353000.0,0.0,0.0,706000.0
894,DH000448,SKU-DIR-1004,1,419000.0,0.0,0.0,419000.0
895,DH000449,SKU-BAD-1111,2,611000.0,0.0,0.0,1222000.0
896,DH000449,SKU-DIR-1060,2,655000.0,0.0,0.0,1310000.0
897,DH000449,SKU-DKM-1043,2,592000.0,0.0,0.0,1184000.0
898,DH000450,SKU-BAD-1087,1,731000.0,0.0,0.0,731000.0
899,DH000450,SKU-DIR-1108,2,400000.0,0.0,0.0,800000.0
900,DH000450,SKU-DKM-1061,1,205000.0,0.0,0.0,205000.0
901,DH000451,SKU-DKM-1091,2,657000.0,0.0,0.0,1314000.0
902,DH000451,SKU-DIR-1047,1,320000.0,0.0,0.0,320000.0
903,DH000452,SKU-THE-1029,1,475000.0,0.0,0.0,475000.0
904,DH000452,SKU-SWE-1011,1,375000.0,0.0,0.0,375000.0
905,DH000453,SKU-DKM-1038,1,228000.0,0.0,0.0,228000.0
906,DH000454,SKU-TSU-1110,1,633000.0,0.0,0.0,633000.0
907,DH000455,SKU-TSU-1034,2,385000.0,0.0,0.0,770000.0
908,DH000456,SKU-TSU-1030,2,306000.0,0.0,0.0,612000.0
909,DH000456,SKU-NOW-1085,2,210000.0,0.0,0.0,420000.0
910,DH000457,SKU-TEE-1107,2,179000.0,0.0,0.0,358000.0
911,DH000457,SKU-DIR-1004,1,419000.0,0.0,0.0,419000.0
912,DH000457,SKU-TEE-1005,2,133000.0,0.0,0.0,266000.0
913,DH000458,SKU-SWE-1114,1,615000.0,0.0,0.0,615000.0
914,DH000459,SKU-NOW-1009,2,277000.0,0.0,0.0,554000.0
915,DH000459,SKU-DIR-1060,1,655000.0,0.0,0.0,655000.0
916,DH000460,SKU-TEE-1020,1,190000.0,0.0,0.0,190000.0
917,DH000461,SKU-BAD-1105,2,403000.0,0.0,0.0,806000.0
918,DH000462,SKU-BAD-1097,1,438000.0,0.0,0.0,438000.0
919,DH000462,SKU-DIR-1044,1,443000.0,0.0,0.0,443000.0
920,DH000463,SKU-DKM-1102,1,454000.0,0.0,0.0,454000.0
921,DH000463,SKU-TSU-1030,1,306000.0,0.0,0.0,306000.0
922,DH000463,SKU-SWE-1002,1,401000.0,0.0,0.0,401000.0
923,DH000464,SKU-TEE-1027,1,339000.0,0.0,0.0,339000.0
924,DH000465,SKU-THE-1053,2,675000.0,0.0,0.0,1350000.0
925,DH000465,SKU-DIR-1060,1,655000.0,0.0,0.0,655000.0
926,DH000466,SKU-DIR-1047,1,320000.0,0.0,0.0,320000.0
927,DH000466,SKU-DIR-1120,2,510000.0,0.0,0.0,1020000.0
928,DH000467,SKU-COO-1079,2,368000.0,0.0,0.0,736000.0
929,DH000467,SKU-DKM-1045,1,524000.0,0.0,0.0,524000.0
930,DH000467,SKU-BAD-1097,1,438000.0,0.0,0.0,438000.0
931,DH000468,SKU-DIR-1008,1,432000.0,0.0,0.0,432000.0
932,DH000469,SKU-TEE-1022,1,252000.0,0.0,0.0,252000.0
933,DH000469,SKU-TEE-1031,1,290000.0,0.0,0.0,290000.0
934,DH000470,SKU-COO-1017,2,85000.0,0.0,0.0,170000.0
935,DH000471,SKU-TEE-1059,1,177000.0,0.0,0.0,177000.0
936,DH000472,SKU-DIR-1007,2,631000.0,0.0,0.0,1262000.0
937,DH000472,SKU-DIR-1113,1,595000.0,0.0,0.0,595000.0
938,DH000473,SKU-SWE-1114,1,615000.0,0.0,0.0,615000.0
939,DH000473,SKU-SWE-1070,2,718000.0,0.0,0.0,1436000.0
940,DH000473,SKU-DIR-1060,2,655000.0,0.0,0.0,1310000.0
941,DH000474,SKU-SWE-1101,1,757000.0,0.0,0.0,757000.0
942,DH000474,SKU-TEE-1107,2,179000.0,0.0,0.0,358000.0
943,DH000474,SKU-SWE-1077,1,418000.0,0.0,0.0,418000.0
944,DH000475,SKU-TEE-1112,1,339000.0,0.0,0.0,339000.0
945,DH000475,SKU-THE-1118,2,434000.0,0.0,0.0,868000.0
946,DH000475,SKU-BAD-1057,1,664000.0,0.0,0.0,664000.0
947,DH000476,SKU-TEE-1020,2,190000.0,0.0,0.0,380000.0
948,DH000477,SKU-TEE-1051,2,201000.0,0.0,0.0,402000.0
949,DH000477,SKU-NOW-1098,2,393000.0,0.0,0.0,786000.0
950,DH000478,SKU-THE-1063,1,472000.0,0.0,0.0,472000.0
951,DH000479,SKU-THE-1013,1,387000.0,0.0,0.0,387000.0
952,DH000480,SKU-TEE-1059,1,177000.0,0.0,0.0,177000.0
953,DH000480,SKU-TEE-1066,2,230000.0,0.0,0.0,460000.0
954,DH000480,SKU-DIR-1006,2,416000.0,0.0,0.0,832000.0
955,DH000481,SKU-TSU-1110,2,633000.0,0.0,0.0,1266000.0
956,DH000481,SKU-DIR-1007,2,631000.0,0.0,0.0,1262000.0
957,DH000482,SKU-DIR-1014,2,715000.0,0.0,0.0,1430000.0
958,DH000482,SKU-THE-1076,2,352000.0,0.0,0.0,704000.0
959,DH000483,SKU-DIR-1014,1,715000.0,0.0,0.0,715000.0
960,DH000483,SKU-BAD-1023,1,751000.0,0.0,0.0,751000.0
961,DH000484,SKU-THE-1029,2,475000.0,0.0,0.0,950000.0
962,DH000485,SKU-TEE-1020,1,190000.0,0.0,0.0,190000.0
963,DH000485,SKU-SWE-1019,2,423000.0,0.0,0.0,846000.0
964,DH000486,SKU-DIR-1104,2,605000.0,0.0,0.0,1210000.0
965,DH000486,SKU-TSU-1034,1,385000.0,0.0,0.0,385000.0
966,DH000486,SKU-THE-1076,1,352000.0,0.0,0.0,352000.0
967,DH000487,SKU-DKM-1038,2,228000.0,0.0,0.0,456000.0
968,DH000488,SKU-DIR-1065,2,426000.0,0.0,0.0,852000.0
969,DH000488,SKU-DIR-1108,2,400000.0,0.0,0.0,800000.0
970,DH000489,SKU-SWE-1002,2,401000.0,0.0,0.0,802000.0
971,DH000490,SKU-COO-1079,2,368000.0,0.0,0.0,736000.0
972,DH000491,SKU-DKM-1080,1,498000.0,0.0,0.0,498000.0
973,DH000491,SKU-BAD-1090,2,475000.0,0.0,0.0,950000.0
974,DH000492,SKU-DIR-1113,2,595000.0,0.0,0.0,1190000.0
975,DH000493,SKU-THE-1118,2,434000.0,0.0,0.0,868000.0
976,DH000493,SKU-BAD-1064,2,515000.0,0.0,0.0,1030000.0
977,DH000494,SKU-TEE-1020,1,190000.0,0.0,0.0,190000.0
978,DH000494,SKU-TEE-1003,2,244000.0,0.0,0.0,488000.0
979,DH000494,SKU-DIR-1054,2,349000.0,0.0,0.0,698000.0
980,DH000495,SKU-DKM-1084,2,625000.0,0.0,0.0,1250000.0
981,DH000496,SKU-COO-1037,2,132000.0,0.0,0.0,264000.0
982,DH000496,SKU-TSU-1015,2,292000.0,0.0,0.0,584000.0
983,DH000496,SKU-TEE-1010,1,240000.0,0.0,0.0,240000.0
984,DH000497,SKU-BAD-1097,2,438000.0,0.0,0.0,876000.0
985,DH000497,SKU-COO-1086,1,365000.0,0.0,0.0,365000.0
986,DH000498,SKU-THE-1053,2,675000.0,0.0,0.0,1350000.0
987,DH000498,SKU-BAD-1023,1,751000.0,0.0,0.0,751000.0
988,DH000498,SKU-DIR-1106,1,353000.0,0.0,0.0,353000.0
989,DH000499,SKU-TSU-1034,1,385000.0,0.0,0.0,385000.0
990,DH000499,SKU-DKM-1080,2,498000.0,0.0,0.0,996000.0
991,DH000499,SKU-TEE-1066,1,230000.0,0.0,0.0,230000.0
992,DH000500,SKU-DKM-1084,1,625000.0,0.0,0.0,625000.0
